algo,lr,loss
cover:16:psi:0:nounif:dr,learning_rate:10.0,0.4570136363636364
cover:8:psi:0:nounif:dr,learning_rate:10.0,0.4625530000000001
cover:16:psi:0:nounif:dr,learning_rate:3.0,0.4629637272727274
cover:4:psi:0:nounif:dr,learning_rate:3.0,0.46349681818181826
cover:4:psi:0:nounif:dr,learning_rate:10.0,0.46414418181818196
bag:2:greedify:dr,learning_rate:3.0,0.4642328181818181
cover:1:nounif:dr,learning_rate:10.0,0.46444749999999996
cover:8:psi:0:nounif:dr,learning_rate:3.0,0.4675417272727273
bag:4:mtr,learning_rate:10.0,0.4701277272727273
epsilon:0.05:mtr,learning_rate:10.0,0.4703780909090909
bag:2:greedify:dr,learning_rate:10.0,0.4729497272727272
epsilon:0.1:mtr,learning_rate:10.0,0.4729717272727273
bag:4:mtr,learning_rate:3.0,0.4732118181818182
cover:4:psi:0:nounif:dr,learning_rate:1.0,0.47375081818181813
cover:4:psi:0.01:nounif:dr,learning_rate:0.3,0.4760481818181819
epsilon:0:dr,learning_rate:3.0,0.4762644545454545
epsilon:0:dr,learning_rate:10.0,0.4783643636363637
cover:8:psi:0:nounif:dr,learning_rate:1.0,0.4783826363636363
cover:4:psi:1.0:nounif:dr,learning_rate:1.0,0.47847554545454546
cover:8:psi:0.01:nounif:dr,learning_rate:10.0,0.4788446363636364
cover:4:psi:1.0:nounif:dr,learning_rate:3.0,0.4803987272727273
cover:16:psi:0:nounif:dr,learning_rate:1.0,0.4805553636363636
bag:2:greedify:dr,learning_rate:1.0,0.48060327272727277
cover:16:psi:0.1:nounif:dr,learning_rate:1.0,0.4806370909090909
epsilon:0.02:mtr,learning_rate:10.0,0.4817105454545454
cover:8:psi:0.1:nounif:dr,learning_rate:0.3,0.4830901818181817
bag:8:mtr,learning_rate:10.0,0.4835470909090908
bag:16:mtr,learning_rate:3.0,0.4842436363636363
epsilon:0:mtr,learning_rate:10.0,0.48428563636363636
cover:8:psi:0.1:nounif:dr,learning_rate:10.0,0.48474327272727274
bag:4:greedify:dr,learning_rate:3.0,0.4857284545454546
epsilon:0:dr,learning_rate:1.0,0.48665990909090906
cover:4:psi:0.1:nounif:dr,learning_rate:0.3,0.4867505454545455
bag:8:greedify:mtr,learning_rate:3.0,0.48801836363636364
cover:8:psi:1.0:nounif:dr,learning_rate:1.0,0.4891773636363636
epsilon:0.05:mtr,learning_rate:3.0,0.48924509090909096
cover:4:psi:0.01:nounif:dr,learning_rate:10.0,0.4903613636363637
bag:8:mtr,learning_rate:3.0,0.49059727272727277
cover:4:psi:0:nounif:dr,learning_rate:0.1,0.49094818181818173
bag:8:greedify:mtr,learning_rate:10.0,0.49146809090909094
bag:16:greedify:mtr,learning_rate:10.0,0.49228472727272726
epsilon:0:dr,learning_rate:0.1,0.49235727272727275
cover:4:psi:0.01:nounif:dr,learning_rate:1.0,0.4931556363636363
cover:8:psi:0.01:nounif:dr,learning_rate:0.3,0.49337800000000004
bag:16:dr,learning_rate:10.0,0.49377445454545454
cover:16:psi:0.1:nounif:dr,learning_rate:10.0,0.49416854545454547
bag:8:dr,learning_rate:3.0,0.4947378181818182
cover:16:psi:1.0:nounif:dr,learning_rate:1.0,0.4949932727272728
cover:4:psi:0.1:nounif:dr,learning_rate:10.0,0.49535672727272734
bag:16:dr,learning_rate:3.0,0.495511
cover:16:psi:0:nounif:dr,learning_rate:0.1,0.495570909090909
cover:8:psi:0:nounif:dr,learning_rate:0.1,0.4959823636363636
epsilon:0.1:mtr,learning_rate:3.0,0.49609954545454543
bag:4:dr,learning_rate:3.0,0.4962388181818181
bag:4:greedify:dr,learning_rate:10.0,0.49669681818181827
bag:8:mtr,learning_rate:1.0,0.4971967272727273
cover:8:psi:0.01:nounif:dr,learning_rate:3.0,0.49765945454545457
bag:4:dr,learning_rate:10.0,0.49772127272727273
epsilon:0.02:mtr,learning_rate:3.0,0.4984335454545455
bag:16:greedify:dr,learning_rate:3.0,0.4989348181818182
cover:16:psi:0.1:nounif:dr,learning_rate:0.1,0.5004572727272728
bag:4:greedify:dr,learning_rate:1.0,0.5005361818181818
cover:16:psi:0:nounif:dr,learning_rate:0.03,0.5008611818181818
bag:16:mtr,learning_rate:10.0,0.500974090909091
cover:4:psi:0:nounif:dr,learning_rate:0.03,0.5010573636363637
cover:1:nounif:mtr,learning_rate:10.0,0.501145
cover:8:psi:0:nounif:dr,learning_rate:0.03,0.5016779090909091
cover:16:psi:0.1:nounif:dr,learning_rate:3.0,0.5024875454545454
epsilon:0.1:mtr,learning_rate:1.0,0.5026010909090909
bag:8:dr,learning_rate:10.0,0.5028059090909092
bag:4:dr,learning_rate:1.0,0.5035318181818181
epsilon:0:mtr,learning_rate:1.0,0.5035752727272726
epsilon:0.02:mtr,learning_rate:1.0,0.5044203636363637
epsilon:0:dr,learning_rate:0.03,0.5049184545454546
bag:2:greedify:dr,learning_rate:0.3,0.505789909090909
cover:4:psi:1.0:nounif:dr,learning_rate:0.3,0.5060261818181817
cover:16:psi:1.0:nounif:dr,learning_rate:0.3,0.5062529090909091
bag:8:dr,learning_rate:1.0,0.5065663636363636
epsilon:0:dr,learning_rate:0.3,0.506794090909091
cover:4:psi:0:nounif:dr,learning_rate:0.3,0.5068213636363637
cover:4:psi:0.01:nounif:ips,learning_rate:0.3,0.5070434615384616
cover:4:psi:0.1:nounif:dr,learning_rate:3.0,0.5073179090909091
bag:16:greedify:mtr,learning_rate:3.0,0.5080001818181817
cover:8:psi:0:nounif:dr,learning_rate:0.3,0.5080849999999999
bag:16:greedify:dr,learning_rate:1.0,0.5086994545454545
cover:16:psi:0:nounif:dr,learning_rate:0.3,0.5092850000000001
bag:2:greedify:mtr,learning_rate:10.0,0.5099503636363636
epsilon:0.05:mtr,learning_rate:1.0,0.5099896363636364
cover:4:psi:1.0:nounif:dr,learning_rate:10.0,0.5101451818181818
bag:4:mtr,learning_rate:1.0,0.510153
bag:4:greedify:mtr,learning_rate:0.3,0.5106159090909091
cover:16:psi:1.0:nounif:dr,learning_rate:3.0,0.5106832727272728
bag:8:greedify:dr,learning_rate:10.0,0.5118895454545455
cover:8:psi:1.0:nounif:dr,learning_rate:3.0,0.5122436363636363
bag:16:greedify:dr,learning_rate:10.0,0.5123486363636363
bag:2:greedify:mtr,learning_rate:3.0,0.5128050909090909
cover:8:psi:0.1:nounif:dr,learning_rate:0.1,0.5135125454545454
cover:8:psi:0.01:nounif:dr,learning_rate:0.1,0.5135874545454545
cover:4:psi:0.01:nounif:dr,learning_rate:0.01,0.513835909090909
cover:8:psi:1.0:nounif:dr,learning_rate:0.3,0.5141201818181819
cover:4:psi:0.01:nounif:dr,learning_rate:0.03,0.5141996363636363
cover:16:psi:0.1:nounif:dr,learning_rate:0.3,0.5144653636363636
epsilon:0.05:dr,learning_rate:3.0,0.5144949230769231
bag:8:greedify:mtr,learning_rate:1.0,0.5151336363636364
cover:16:psi:0.01:nounif:dr,learning_rate:0.03,0.5154239090909091
cover:16:psi:0:nounif:ips,learning_rate:0.01,0.5157309090909091
bag:2:greedify:mtr,learning_rate:0.3,0.5158409999999999
bag:8:greedify:dr,learning_rate:3.0,0.5159240909090909
epsilon:0:mtr,learning_rate:0.3,0.5160352727272728
cover:8:psi:0:nounif:dr,learning_rate:0.01,0.5163715454545454
cover:8:psi:0.01:nounif:dr,learning_rate:0.03,0.5166320909090908
epsilon:0:mtr,learning_rate:0.1,0.517067090909091
bag:16:mtr,learning_rate:0.3,0.5176138181818181
cover:16:psi:0.01:nounif:dr,learning_rate:10.0,0.5182524545454545
bag:16:mtr,learning_rate:1.0,0.5182991818181818
cover:8:psi:0:nounif:ips,learning_rate:0.01,0.5185389090909092
cover:8:psi:0.1:nounif:dr,learning_rate:0.03,0.5185843636363636
epsilon:0:dr,learning_rate:0.01,0.5191157272727273
cover:4:psi:0:nounif:ips,learning_rate:0.01,0.5191808181818183
cover:4:psi:0.1:nounif:dr,learning_rate:0.1,0.5193614545454545
cover:16:psi:0:nounif:dr,learning_rate:0.01,0.5193695454545453
cover:8:psi:0.1:nounif:dr,learning_rate:3.0,0.5194844545454547
bag:16:dr,learning_rate:1.0,0.519835909090909
cover:8:psi:0.01:nounif:dr,learning_rate:1.0,0.5200421818181818
bag:2:dr,learning_rate:3.0,0.5203948181818182
bag:4:greedify:mtr,learning_rate:3.0,0.5208634545454545
cover:1:nounif:dr,learning_rate:3.0,0.5212821999999999
epsilon:0:mtr,learning_rate:3.0,0.5222902727272728
cover:16:psi:0.1:nounif:dr,learning_rate:0.03,0.5223944545454546
bag:2:greedify:mtr,learning_rate:0.1,0.522517909090909
bag:2:mtr,learning_rate:3.0,0.5228143636363637
cover:4:psi:0:nounif:dr,learning_rate:0.01,0.5233050909090909
cover:16:psi:0.01:nounif:dr,learning_rate:0.1,0.5244123636363635
cover:4:psi:0.01:nounif:dr,learning_rate:0.1,0.5249198181818182
bag:4:greedify:dr,learning_rate:0.3,0.5253040000000001
bag:4:greedify:mtr,learning_rate:10.0,0.5255503636363638
bag:2:greedify:mtr,learning_rate:1.0,0.5260846363636363
epsilon:0:ips,learning_rate:0.01,0.526114
bag:16:greedify:mtr,learning_rate:0.3,0.5264757272727273
epsilon:0:mtr,learning_rate:0.03,0.5265003636363637
cover:16:psi:0.01:nounif:dr,learning_rate:0.01,0.5266014545454545
cover:16:psi:1.0:nounif:dr,learning_rate:0.1,0.5266251818181819
bag:2:mtr,learning_rate:10.0,0.5266491818181819
cover:16:psi:0:nounif:ips,learning_rate:0.03,0.5272592727272728
cover:4:psi:0.01:nounif:ips,learning_rate:0.03,0.5279780000000002
bag:4:greedify:mtr,learning_rate:1.0,0.5282352727272727
cover:8:psi:1.0:nounif:dr,learning_rate:0.1,0.5287203636363637
cover:8:psi:0:nounif:ips,learning_rate:0.003,0.5289644545454546
cover:8:psi:1.0:nounif:dr,learning_rate:10.0,0.5290809090909091
epsilon:0:ips,learning_rate:0.003,0.5297426363636363
cover:1:mtr,learning_rate:3.0,0.5300418
cover:16:psi:0:nounif:dr,learning_rate:0.003,0.5301159999999999
cover:4:psi:0.1:nounif:dr,learning_rate:0.03,0.5303843636363635
cover:8:psi:0.01:nounif:ips,learning_rate:0.01,0.5307323636363637
bag:16:greedify:mtr,learning_rate:1.0,0.5318792727272728
cover:4:psi:0:nounif:ips,learning_rate:0.003,0.5321492727272726
bag:2:dr,learning_rate:10.0,0.5323294545454546
epsilon:0:dr,learning_rate:0.003,0.5328098181818182
cover:8:psi:0.01:nounif:dr,learning_rate:0.01,0.5328376363636363
bag:4:mtr,learning_rate:0.3,0.5330119090909091
cover:1:nounif:dr,learning_rate:1.0,0.5332969
cover:8:psi:0.01:nounif:ips,learning_rate:0.03,0.5333396363636362
bag:2:greedify:mtr,learning_rate:0.03,0.5338448181818182
bag:8:greedify:mtr,learning_rate:0.3,0.5340601818181817
cover:4:psi:0:nounif:ips,learning_rate:0.03,0.5341635454545455
bag:2:dr,learning_rate:1.0,0.5346515454545454
cover:4:psi:0:nounif:dr,learning_rate:0.003,0.5349743636363636
cover:4:psi:1.0:nounif:dr,learning_rate:0.1,0.5356552727272726
epsilon:0:ips,learning_rate:0.03,0.5360258181818183
cover:8:psi:0:nounif:ips,learning_rate:0.03,0.5362854545454545
cover:4:psi:0.01:nounif:dr,learning_rate:3.0,0.5367542727272728
cover:16:psi:0:nounif:ips,learning_rate:0.003,0.5373074545454546
bag:8:mtr,learning_rate:0.3,0.5381266363636364
cover:16:psi:0.01:nounif:dr,learning_rate:0.3,0.5382181818181817
cover:8:psi:0:nounif:dr,learning_rate:0.003,0.538793
bag:8:greedify:dr,learning_rate:1.0,0.5392003636363637
cover:16:psi:0.01:nounif:ips,learning_rate:0.03,0.5395036363636364
cover:1:nounif:dr,learning_rate:0.1,0.5398539
bag:2:mtr,learning_rate:1.0,0.5399538181818181
epsilon:0.02:mtr,learning_rate:0.3,0.5401300909090909
cover:4:psi:0:nounif:ips,learning_rate:0.1,0.5409511818181819
cover:16:psi:0.01:nounif:ips,learning_rate:0.01,0.5411519090909092
cover:16:psi:0:nounif:ips,learning_rate:0.3,0.5415946363636364
cover:8:psi:0:nounif:ips,learning_rate:0.3,0.5416060909090908
cover:4:psi:0.1:nounif:dr,learning_rate:0.01,0.5416212727272727
cover:8:psi:0.01:nounif:ips,learning_rate:0.1,0.5419043636363636
cover:4:psi:0:nounif:ips,learning_rate:0.3,0.5426659999999999
epsilon:0:ips,learning_rate:0.1,0.5434411818181819
cover:8:psi:0:nounif:ips,learning_rate:0.1,0.543587090909091
bag:4:mtr,learning_rate:0.1,0.5441484545454546
epsilon:0:ips,learning_rate:0.3,0.5441984545454545
cover:4:psi:0.01:nounif:ips,learning_rate:0.01,0.5444190909090908
bag:2:mtr,learning_rate:0.03,0.5444669090909091
cover:16:psi:0:nounif:ips,learning_rate:0.1,0.5446519090909091
cover:8:psi:0.1:nounif:dr,learning_rate:0.01,0.5447082727272728
bag:4:greedify:mtr,learning_rate:0.1,0.5448121818181819
cover:4:psi:0.01:nounif:ips,learning_rate:0.1,0.5449571818181819
cover:4:psi:0.1:nounif:ips,learning_rate:0.03,0.5451226363636363
cover:16:psi:1.0:nounif:dr,learning_rate:10.0,0.5452442727272726
bag:16:greedify:mtr,learning_rate:0.1,0.545689
bag:2:greedify:dr,learning_rate:0.01,0.546031909090909
cover:4:psi:0:nounif:mtr,learning_rate:1.0,0.5460626363636364
bag:2:mtr,learning_rate:0.1,0.5463674545454545
epsilon:0:mtr,learning_rate:0.01,0.5472567272727273
bag:2:greedify:dr,learning_rate:0.1,0.547482
cover:4:psi:0:nounif:ips,learning_rate:0.001,0.5480013636363636
cover:16:psi:0.01:nounif:ips,learning_rate:0.1,0.5480707272727272
cover:16:psi:0.1:nounif:dr,learning_rate:0.01,0.5480973636363635
cover:8:psi:0.1:nounif:ips,learning_rate:0.03,0.5485616363636363
epsilon:0.1:mtr,learning_rate:0.3,0.548577
cover:16:psi:0:nounif:ips,learning_rate:0.001,0.5488065454545453
bag:16:mtr,learning_rate:0.1,0.5490734545454545
cover:4:psi:0:nounif:ips,learning_rate:1.0,0.5494287272727273
epsilon:0:ips,learning_rate:1.0,0.5497378181818182
cover:8:psi:0:nounif:ips,learning_rate:1.0,0.5502469090909091
cover:4:psi:0:nounif:mtr,learning_rate:3.0,0.5514126363636365
epsilon:0.02:dr,learning_rate:1.0,0.5514470909090909
cover:1:nounif:mtr,learning_rate:1.0,0.5519037999999999
cover:4:psi:0:nounif:mtr,learning_rate:0.1,0.5519835454545454
epsilon:0.05:mtr,learning_rate:0.3,0.5521546363636364
epsilon:0.1:dr,learning_rate:1.0,0.5523059090909092
cover:8:psi:0.1:nounif:dr,learning_rate:1.0,0.5526804545454544
cover:8:psi:0:nounif:mtr,learning_rate:1.0,0.5530366363636363
cover:4:psi:0.1:nounif:dr,learning_rate:1.0,0.553472
cover:1:nounif:dr,learning_rate:0.03,0.553961
cover:16:psi:0:nounif:ips,learning_rate:1.0,0.554046909090909
cover:4:psi:0.01:nounif:mtr,learning_rate:1.0,0.554292181818182
cover:16:psi:0.01:nounif:ips,learning_rate:0.3,0.5545066363636363
cover:1:nounif:dr,learning_rate:0.3,0.5545749000000001
cover:1:mtr,learning_rate:10.0,0.55501
bag:2:greedify:ips,learning_rate:0.03,0.555131909090909
cover:16:psi:0.1:nounif:ips,learning_rate:0.03,0.5552256363636363
cover:16:psi:0:nounif:mtr,learning_rate:0.3,0.555336090909091
bag:2:mtr,learning_rate:0.3,0.5558116363636363
cover:1:mtr,learning_rate:1.0,0.5563084
cover:4:psi:0.01:nounif:ips,learning_rate:0.003,0.5567463636363637
cover:16:psi:0.1:dr,learning_rate:3.0,0.5576377272727272
cover:4:psi:0:nounif:mtr,learning_rate:10.0,0.558338
cover:4:psi:0:mtr,learning_rate:3.0,0.5585319090909091
epsilon:0:ips,learning_rate:0.001,0.5588511818181817
epsilon:0.02:dr,learning_rate:3.0,0.5591411818181818
cover:4:psi:0:nounif:mtr,learning_rate:0.3,0.5593158181818182
cover:16:psi:0.1:nounif:ips,learning_rate:0.1,0.5594925454545454
cover:8:psi:0:dr,learning_rate:3.0,0.5596382727272728
cover:8:psi:0:nounif:mtr,learning_rate:0.03,0.5596500909090909
bag:8:mtr,learning_rate:0.1,0.5599863636363636
cover:4:psi:0.01:nounif:mtr,learning_rate:0.3,0.5606002727272728
cover:8:psi:0:nounif:mtr,learning_rate:3.0,0.5610485454545455
cover:16:psi:0.01:nounif:dr,learning_rate:1.0,0.5611136363636363
cover:4:psi:0.01:mtr,learning_rate:10.0,0.5612077272727274
cover:16:psi:0:dr,learning_rate:3.0,0.5614291818181818
cover:16:psi:1.0:nounif:dr,learning_rate:0.03,0.5619109090909091
cover:8:psi:0:nounif:ips,learning_rate:0.001,0.5620212727272728
cover:8:psi:0.01:nounif:ips,learning_rate:0.3,0.5621712727272727
epsilon:0.1:dr,learning_rate:3.0,0.5624190909090909
cover:4:psi:0:dr,learning_rate:3.0,0.5624608181818181
cover:8:psi:0.1:nounif:ips,learning_rate:0.1,0.5629788181818182
cover:8:psi:1.0:dr,learning_rate:1.0,0.5632847272727274
cover:8:psi:0.01:nounif:ips,learning_rate:0.003,0.563549
cover:16:psi:0.01:nounif:mtr,learning_rate:0.03,0.563816909090909
bag:2:greedify:ips,learning_rate:0.1,0.5638458181818182
cover:8:psi:0.1:dr,learning_rate:3.0,0.5651478181818181
cover:4:psi:0.01:dr,learning_rate:3.0,0.5651525454545455
cover:1:nounif:mtr,learning_rate:0.3,0.56532
cover:16:psi:0.01:nounif:ips,learning_rate:0.003,0.5657209999999999
cover:8:psi:0:nounif:ips,learning_rate:3.0,0.5657256363636364
epsilon:0:ips,learning_rate:3.0,0.5657671818181818
cover:16:psi:0:nounif:ips,learning_rate:3.0,0.5659347272727273
cover:4:psi:0:nounif:ips,learning_rate:3.0,0.5659574545454545
bag:8:greedify:mtr,learning_rate:0.1,0.5663054545454546
bag:2:ips,learning_rate:0.01,0.5664509999999999
cover:8:psi:0:nounif:mtr,learning_rate:0.003,0.5664552727272727
cover:1:nounif:mtr,learning_rate:0.1,0.5667448
bag:4:greedify:mtr,learning_rate:0.03,0.5674717272727273
cover:8:psi:1.0:nounif:dr,learning_rate:0.03,0.5676261818181818
epsilon:0.02:dr,learning_rate:0.3,0.568267909090909
cover:8:psi:0.01:nounif:mtr,learning_rate:1.0,0.568290090909091
epsilon:0.1:dr,learning_rate:0.3,0.568396090909091
epsilon:0:dr,learning_rate:0.001,0.5684966363636362
cover:4:psi:0:mtr,learning_rate:1.0,0.568604909090909
bag:2:dr,learning_rate:0.03,0.5687986363636365
cover:4:psi:0.01:mtr,learning_rate:3.0,0.5688978181818182
cover:4:psi:0.01:nounif:mtr,learning_rate:3.0,0.5689335454545454
cover:4:psi:0.1:nounif:ips,learning_rate:0.1,0.5689426363636364
cover:16:psi:1.0:dr,learning_rate:1.0,0.5689659090909092
cover:8:psi:0.1:nounif:ips,learning_rate:0.01,0.569102090909091
cover:8:psi:0.01:nounif:mtr,learning_rate:0.3,0.5691375454545455
cover:1:nounif:dr,learning_rate:0.01,0.569578
cover:16:psi:0.1:nounif:ips,learning_rate:0.01,0.5696599090909092
cover:4:psi:0:mtr,learning_rate:10.0,0.5698613636363637
cover:4:psi:0.01:dr,learning_rate:10.0,0.5702381818181818
cover:16:psi:0.01:nounif:mtr,learning_rate:0.01,0.5706034545454547
cover:4:psi:0.1:dr,learning_rate:3.0,0.5709360909090909
epsilon:0.1:dr,learning_rate:10.0,0.5711910909090909
cover:4:psi:0.1:nounif:mtr,learning_rate:0.3,0.5713554545454547
cover:16:psi:0:nounif:mtr,learning_rate:0.1,0.5714366363636364
cover:4:psi:0.01:nounif:mtr,learning_rate:0.1,0.5717289999999999
cover:16:psi:0:nounif:mtr,learning_rate:0.03,0.5718088181818182
epsilon:0.05:dr,learning_rate:10.0,0.5718567272727273
cover:1:nounif:mtr,learning_rate:3.0,0.5719106
cover:8:psi:0:nounif:mtr,learning_rate:0.3,0.5719932727272727
cover:8:psi:0.01:dr,learning_rate:3.0,0.572118
cover:8:psi:1.0:dr,learning_rate:0.1,0.5723756363636363
bag:8:ips,learning_rate:0.1,0.5730875384615385
cover:4:psi:1.0:dr,learning_rate:1.0,0.5733643636363636
bag:2:greedify:ips,learning_rate:0.3,0.5735429090909091
cover:16:psi:0.1:dr,learning_rate:10.0,0.573545818181818
cover:16:psi:0.01:nounif:ips,learning_rate:1.0,0.5735584545454545
cover:16:psi:0.01:dr,learning_rate:3.0,0.5737452727272727
cover:8:psi:0.01:nounif:ips,learning_rate:1.0,0.5738918181818181
epsilon:0.05:dr,learning_rate:1.0,0.5739016363636364
cover:8:psi:0.1:dr,learning_rate:10.0,0.5739603636363635
epsilon:0:mtr,learning_rate:0.003,0.5739783636363637
cover:16:psi:1.0:dr,learning_rate:0.3,0.5740333636363636
cover:16:psi:0.01:nounif:mtr,learning_rate:0.3,0.5740844545454545
cover:8:psi:0.01:dr,learning_rate:10.0,0.5741975454545455
cover:16:psi:0.01:nounif:dr,learning_rate:3.0,0.5745349090909091
bag:2:ips,learning_rate:0.1,0.574594090909091
bag:2:ips,learning_rate:0.03,0.5747200909090909
cover:8:psi:0:nounif:mtr,learning_rate:0.1,0.5749306363636364
bag:2:greedify:ips,learning_rate:0.01,0.5754245454545455
bag:2:greedify:dr,learning_rate:0.03,0.575451090909091
bag:8:greedify:mtr,learning_rate:0.03,0.575777
cover:4:psi:0.01:nounif:ips,learning_rate:1.0,0.5758240909090909
cover:8:psi:1.0:dr,learning_rate:0.3,0.5758780909090908
cover:16:psi:0:nounif:ips,learning_rate:10.0,0.5760956363636364
cover:4:psi:0:nounif:ips,learning_rate:10.0,0.5761592727272727
cover:4:psi:0:nounif:mtr,learning_rate:0.003,0.5761677272727272
epsilon:0:ips,learning_rate:10.0,0.5762501818181819
cover:16:psi:0.1:nounif:mtr,learning_rate:0.1,0.5764165454545455
cover:1:nounif:mtr,learning_rate:0.03,0.5771214
cover:4:psi:0:nounif:dr,learning_rate:0.001,0.5771333636363636
cover:8:psi:0.01:nounif:mtr,learning_rate:0.1,0.5772835454545454
cover:1:nounif:ips,learning_rate:0.01,0.577566
cover:8:psi:0.01:nounif:dr,learning_rate:0.003,0.5776459090909092
cover:8:psi:0:nounif:ips,learning_rate:10.0,0.5776774545454545
cover:4:psi:0.1:mtr,learning_rate:10.0,0.5776980909090909
cover:4:psi:0.01:mtr,learning_rate:1.0,0.5781002727272727
cover:4:psi:1.0:dr,learning_rate:0.3,0.5785520909090909
cover:16:psi:0.01:dr,learning_rate:10.0,0.5788760000000001
bag:2:dr,learning_rate:0.3,0.5790556363636363
cover:4:psi:0.1:nounif:mtr,learning_rate:0.03,0.5791573636363636
bag:2:dr,learning_rate:0.01,0.57941
cover:16:psi:0.01:mtr,learning_rate:3.0,0.5794176363636364
epsilon:0.02:dr,learning_rate:0.1,0.579531
cover:4:psi:0.1:dr,learning_rate:10.0,0.5795944545454546
cover:16:psi:0.1:nounif:mtr,learning_rate:0.03,0.5796457272727273
cover:8:psi:0.1:nounif:ips,learning_rate:0.3,0.579999909090909
bag:4:dr,learning_rate:0.3,0.5801763636363637
cover:4:psi:0.01:nounif:mtr,learning_rate:0.003,0.580281
cover:16:psi:0.01:nounif:mtr,learning_rate:0.1,0.5802824545454546
bag:8:dr,learning_rate:0.3,0.5806168181818182
epsilon:0.02:dr,learning_rate:10.0,0.5806938181818182
cover:4:psi:0:nounif:mtr,learning_rate:0.001,0.580880909090909
cover:4:psi:0.01:nounif:dr,learning_rate:0.003,0.5809015454545455
cover:4:psi:0.1:dr,learning_rate:1.0,0.5813486363636363
cover:1:nounif:ips,learning_rate:0.003,0.5815575
cover:4:psi:0.01:nounif:mtr,learning_rate:10.0,0.5816114545454545
cover:8:psi:0.01:nounif:mtr,learning_rate:0.03,0.5817058181818182
cover:16:psi:0:dr,learning_rate:1.0,0.5820791818181816
cover:8:psi:0.01:dr,learning_rate:1.0,0.5821489999999999
cover:8:psi:0.1:nounif:mtr,learning_rate:0.3,0.5822249090909092
cover:4:psi:0.1:nounif:ips,learning_rate:0.3,0.5823275454545455
bag:4:mtr,learning_rate:0.03,0.5823510000000001
cover:16:psi:1.0:dr,learning_rate:3.0,0.5824022727272727
epsilon:0.02:mtr,learning_rate:0.1,0.5825468181818182
cover:8:psi:0:nounif:dr,learning_rate:0.001,0.5827269090909091
cover:4:psi:1.0:dr,learning_rate:3.0,0.5830131818181818
bag:4:greedify:ips,learning_rate:0.1,0.5830500909090909
bag:2:greedify:ips,learning_rate:1.0,0.583096090909091
cover:16:psi:0:nounif:dr,learning_rate:0.001,0.5832454545454546
bag:2:greedify:ips,learning_rate:3.0,0.5833353636363636
bag:16:dr,learning_rate:0.3,0.583480181818182
cover:8:psi:0:mtr,learning_rate:10.0,0.5835352727272727
cover:16:psi:0.01:mtr,learning_rate:0.03,0.5839148461538461
cover:4:psi:0:nounif:mtr,learning_rate:0.01,0.5840947272727273
cover:16:psi:0.01:nounif:mtr,learning_rate:1.0,0.5841045454545455
cover:1:nounif:dr,learning_rate:0.003,0.5846415
bag:4:greedify:ips,learning_rate:1.0,0.5847497272727273
cover:16:psi:0.1:dr,learning_rate:1.0,0.5847957272727273
cover:4:psi:0.1:mtr,learning_rate:3.0,0.5851522727272727
cover:8:psi:1.0:dr,learning_rate:3.0,0.5853959090909092
cover:8:psi:0.01:nounif:mtr,learning_rate:0.003,0.5857964545454546
bag:4:greedify:ips,learning_rate:0.3,0.5858114545454547
cover:8:psi:0.1:nounif:mtr,learning_rate:0.03,0.5860634545454545
bag:2:greedify:mtr,learning_rate:0.01,0.5861475454545454
bag:4:greedify:ips,learning_rate:3.0,0.5863079090909091
cover:16:psi:0:nounif:mtr,learning_rate:1.0,0.5863852727272727
cover:16:psi:0:nounif:mtr,learning_rate:0.001,0.5864942727272727
cover:8:psi:0:nounif:mtr,learning_rate:10.0,0.5865958181818182
cover:4:psi:0.1:mtr,learning_rate:1.0,0.5868139090909091
cover:4:psi:0.01:nounif:mtr,learning_rate:0.03,0.5869250909090908
bag:8:greedify:ips,learning_rate:1.0,0.5871350000000001
cover:16:psi:1.0:dr,learning_rate:0.1,0.5875044545454545
cover:8:psi:0:dr,learning_rate:1.0,0.5875837272727272
cover:4:psi:0.01:dr,learning_rate:1.0,0.5876874545454546
cover:4:psi:0.1:nounif:mtr,learning_rate:0.1,0.5878135454545453
cover:8:psi:0.01:mtr,learning_rate:10.0,0.5878459090909091
cover:1:nounif:ips,learning_rate:0.03,0.5878893000000001
cover:16:psi:0.01:nounif:mtr,learning_rate:0.003,0.5878893636363636
cover:8:psi:0.01:nounif:mtr,learning_rate:10.0,0.587947909090909
bag:2:ips,learning_rate:1.0,0.5880143636363636
cover:16:psi:0.1:nounif:ips,learning_rate:0.3,0.5882870909090909
cover:8:psi:0:nounif:mtr,learning_rate:0.001,0.5883959999999999
bag:16:mtr,learning_rate:0.03,0.5886644545454545
bag:2:ips,learning_rate:0.003,0.5897856363636363
cover:8:psi:0.01:ips,learning_rate:3.0,0.5898359090909091
epsilon:0.02:ips,learning_rate:1.0,0.5899182727272727
cover:4:psi:0:nounif:mtr,learning_rate:0.03,0.5900799999999999
cover:4:psi:0:dr,learning_rate:1.0,0.5900928181818182
epsilon:0.05:dr,learning_rate:0.3,0.5901631818181818
cover:8:psi:0.1:dr,learning_rate:1.0,0.590271
cover:8:psi:0.1:nounif:mtr,learning_rate:0.1,0.5904210000000001
cover:16:psi:0.01:dr,learning_rate:1.0,0.5904925454545454
bag:4:dr,learning_rate:0.03,0.5906178181818181
cover:8:psi:0.01:nounif:ips,learning_rate:3.0,0.5907064545454546
bag:16:greedify:mtr,learning_rate:0.03,0.5907571818181817
bag:2:ips,learning_rate:0.3,0.5908596363636364
bag:16:ips,learning_rate:1.0,0.5911050909090909
cover:16:psi:0.1:dr,learning_rate:0.3,0.5911251818181819
cover:8:psi:0.01:nounif:dr,learning_rate:0.001,0.5915983846153846
bag:2:greedify:mtr,learning_rate:0.003,0.5917431818181819
epsilon:0.02:ips,learning_rate:0.03,0.5918675454545455
cover:16:psi:0.1:nounif:mtr,learning_rate:0.3,0.5918905454545454
cover:8:psi:0.01:nounif:mtr,learning_rate:3.0,0.5923516363636363
cover:16:psi:0:mtr,learning_rate:10.0,0.5928654545454545
cover:4:psi:0.01:nounif:mtr,learning_rate:0.01,0.5929052727272728
cover:8:psi:0.01:mtr,learning_rate:3.0,0.5930573636363635
cover:4:psi:0.01:ips,learning_rate:3.0,0.5930582727272727
bag:8:greedify:ips,learning_rate:0.1,0.5933012727272727
cover:16:psi:0.01:nounif:mtr,learning_rate:3.0,0.5933985454545454
bag:2:greedify:ips,learning_rate:10.0,0.5934108181818182
bag:8:greedify:ips,learning_rate:0.3,0.5935413636363637
cover:4:psi:0.1:nounif:mtr,learning_rate:1.0,0.5939732727272727
epsilon:0.02:dr,learning_rate:0.03,0.5940496363636364
cover:16:psi:0:nounif:mtr,learning_rate:0.003,0.5941756363636364
cover:8:psi:0.01:mtr,learning_rate:1.0,0.5942798181818181
cover:4:psi:0:ips,learning_rate:3.0,0.5943714545454545
cover:16:psi:0:nounif:mtr,learning_rate:3.0,0.5944180909090909
cover:8:psi:0:mtr,learning_rate:1.0,0.5945079090909091
cover:16:psi:0:mtr,learning_rate:3.0,0.594667909090909
epsilon:0.05:ips,learning_rate:3.0,0.5947070909090909
cover:8:psi:0.01:nounif:mtr,learning_rate:0.01,0.5947618181818183
bag:4:dr,learning_rate:0.01,0.5948346363636363
bag:4:ips,learning_rate:0.1,0.594883909090909
cover:8:psi:0:ips,learning_rate:3.0,0.594992
cover:8:psi:0.1:dr,learning_rate:0.3,0.5951484545454546
epsilon:0.05:dr,learning_rate:0.1,0.5953419090909091
cover:16:psi:0:ips,learning_rate:3.0,0.5954010909090909
cover:1:nounif:ips,learning_rate:0.3,0.5957197
cover:1:nounif:ips,learning_rate:0.1,0.5957563
cover:8:psi:0.01:dr,learning_rate:0.3,0.5958363636363637
cover:4:psi:0.01:nounif:ips,learning_rate:3.0,0.5958950000000001
cover:16:psi:0.01:nounif:ips,learning_rate:3.0,0.5961053636363636
bag:4:ips,learning_rate:1.0,0.5962162727272727
cover:4:psi:1.0:dr,learning_rate:0.1,0.5965175454545455
epsilon:0.02:dr,learning_rate:0.01,0.596518
bag:2:mtr,learning_rate:0.01,0.5966520909090909
cover:8:psi:0.1:nounif:mtr,learning_rate:0.01,0.596834
bag:2:ips,learning_rate:0.001,0.5974410909090908
bag:4:greedify:ips,learning_rate:0.01,0.5978641818181818
bag:8:ips,learning_rate:1.0,0.5980221818181818
cover:16:psi:0.1:mtr,learning_rate:10.0,0.5980255454545454
bag:8:mtr,learning_rate:0.03,0.5985900909090909
cover:16:psi:0.01:ips,learning_rate:3.0,0.5993941818181819
bag:16:greedify:ips,learning_rate:3.0,0.5994393636363635
cover:16:psi:0.01:dr,learning_rate:0.3,0.5995219999999999
cover:1:nounif:mtr,learning_rate:0.01,0.5999534000000001
bag:4:greedify:mtr,learning_rate:0.01,0.6001632727272729
cover:16:psi:0.01:mtr,learning_rate:10.0,0.6002014545454546
cover:4:psi:0.1:nounif:ips,learning_rate:0.01,0.6002048181818181
bag:4:greedify:dr,learning_rate:0.01,0.6003383636363636
cover:8:psi:0.1:mtr,learning_rate:1.0,0.6007230909090909
cover:1:nounif:ips,learning_rate:1.0,0.6009435
epsilon:0.05:ips,learning_rate:1.0,0.6010139999999999
bag:4:mtr,learning_rate:0.01,0.6010738181818183
bag:16:ips,learning_rate:3.0,0.6011452727272727
cover:8:psi:0.1:mtr,learning_rate:0.1,0.6012748181818183
cover:16:psi:0:nounif:mtr,learning_rate:10.0,0.6015127272727273
cover:16:psi:0.01:ips,learning_rate:1.0,0.6015559090909092
bag:16:greedify:ips,learning_rate:1.0,0.6016287272727273
cover:16:psi:1.0:dr,learning_rate:0.03,0.6016829090909092
epsilon:0.02:ips,learning_rate:0.3,0.6020326363636364
epsilon:0:mtr,learning_rate:0.001,0.6021196363636364
cover:8:psi:0:nounif:mtr,learning_rate:0.01,0.6021306363636364
cover:16:psi:0.1:nounif:mtr,learning_rate:0.01,0.6024149999999999
cover:16:psi:0.01:mtr,learning_rate:1.0,0.6024736363636364
epsilon:0.1:mtr,learning_rate:0.1,0.6025244545454546
cover:8:psi:0.1:nounif:dr,learning_rate:0.003,0.6028350909090908
cover:8:psi:0.1:nounif:mtr,learning_rate:1.0,0.6028461818181818
epsilon:0.02:ips,learning_rate:0.1,0.6032361818181818
bag:4:greedify:ips,learning_rate:0.03,0.6033472727272726
cover:4:psi:0:ips,learning_rate:1.0,0.6036268181818182
bag:16:ips,learning_rate:0.3,0.6036378181818182
bag:2:greedify:dr,learning_rate:0.003,0.6038849999999999
bag:8:ips,learning_rate:0.3,0.6039276363636363
cover:8:psi:0.01:ips,learning_rate:1.0,0.6039825454545455
cover:4:psi:0.1:dr,learning_rate:0.3,0.6039849090909091
cover:16:psi:0.01:nounif:dr,learning_rate:0.003,0.604032
cover:4:psi:0.01:mtr,learning_rate:0.3,0.604091
cover:16:psi:0:mtr,learning_rate:1.0,0.6040925454545453
epsilon:0.1:ips,learning_rate:3.0,0.604143090909091
cover:4:psi:0:mtr,learning_rate:0.3,0.6043947272727274
cover:4:psi:0.01:ips,learning_rate:1.0,0.6044538181818183
bag:4:greedify:dr,learning_rate:0.03,0.6044661818181819
cover:16:psi:0.1:ips,learning_rate:3.0,0.6045609090909091
cover:16:psi:0:nounif:mtr,learning_rate:0.01,0.6048002727272727
cover:8:psi:0:ips,learning_rate:1.0,0.6049269999999999
cover:1:dr,learning_rate:3.0,0.6050652
bag:4:greedify:dr,learning_rate:0.1,0.6051369999999999
cover:8:psi:0.01:nounif:ips,learning_rate:10.0,0.605266
bag:2:ips,learning_rate:3.0,0.6053815454545455
bag:16:greedify:ips,learning_rate:0.3,0.6054440000000002
cover:4:psi:0:dr,learning_rate:10.0,0.605485
epsilon:0.1:ips,learning_rate:10.0,0.6056707272727272
bag:2:ips,learning_rate:10.0,0.6056853636363636
bag:4:greedify:ips,learning_rate:10.0,0.6058111818181818
bag:4:ips,learning_rate:0.3,0.6058486363636364
cover:16:psi:0.1:mtr,learning_rate:1.0,0.6062235454545455
cover:8:psi:0.1:mtr,learning_rate:0.3,0.6063875454545454
epsilon:0.05:mtr,learning_rate:0.1,0.6064053636363637
cover:4:psi:0:ips,learning_rate:10.0,0.6065545454545455
cover:8:psi:0:mtr,learning_rate:3.0,0.6065586363636364
bag:16:greedify:ips,learning_rate:10.0,0.6066708181818181
cover:16:psi:0:ips,learning_rate:10.0,0.6066727272727273
cover:8:psi:0:ips,learning_rate:10.0,0.6068272727272727
cover:16:psi:0:ips,learning_rate:1.0,0.6068313636363636
cover:16:psi:0:dr,learning_rate:10.0,0.6070713636363636
bag:16:greedify:ips,learning_rate:0.1,0.6070774545454545
epsilon:0.1:ips,learning_rate:1.0,0.607447
cover:8:psi:0.01:mtr,learning_rate:0.3,0.6075337272727274
cover:8:psi:0:dr,learning_rate:10.0,0.6076577272727273
bag:8:ips,learning_rate:3.0,0.6077132727272727
cover:16:psi:0.01:ips,learning_rate:10.0,0.607832909090909
bag:2:greedify:ips,learning_rate:0.001,0.6079887272727272
bag:2:dr,learning_rate:0.1,0.6082091818181818
cover:16:psi:0.1:ips,learning_rate:1.0,0.6082301818181818
cover:16:psi:0.1:mtr,learning_rate:3.0,0.6082721818181818
epsilon:0.02:ips,learning_rate:3.0,0.6083876363636362
cover:8:psi:1.0:dr,learning_rate:10.0,0.6087322727272727
cover:16:psi:0.01:nounif:ips,learning_rate:10.0,0.608951090909091
cover:16:psi:0.1:dr,learning_rate:0.1,0.6089638181818182
cover:8:psi:0.1:ips,learning_rate:1.0,0.6091217272727273
cover:16:psi:0.01:nounif:ips,learning_rate:0.001,0.609345090909091
cover:8:psi:0:mtr,learning_rate:0.3,0.60952
bag:8:greedify:ips,learning_rate:3.0,0.6096558181818181
cover:8:psi:1.0:ips,learning_rate:1.0,0.6098182307692307
cover:8:psi:0.01:nounif:mtr,learning_rate:0.001,0.609916
cover:8:psi:0.1:mtr,learning_rate:10.0,0.6105859090909092
cover:4:psi:0.1:ips,learning_rate:1.0,0.6106515454545454
cover:4:psi:0.1:mtr,learning_rate:0.3,0.6109794545454545
cover:4:psi:0.1:ips,learning_rate:3.0,0.6110505454545456
cover:8:psi:1.0:dr,learning_rate:0.03,0.6110722727272727
epsilon:0.05:ips,learning_rate:10.0,0.6111869999999999
cover:16:psi:0.01:nounif:mtr,learning_rate:10.0,0.6112479999999999
bag:4:ips,learning_rate:0.03,0.6112623636363635
cover:8:psi:0.01:ips,learning_rate:10.0,0.6114672727272727
epsilon:0.1:dr,learning_rate:0.1,0.6115463636363636
bag:16:ips,learning_rate:0.1,0.6116495454545454
cover:4:psi:0.01:nounif:ips,learning_rate:10.0,0.6120441818181819
cover:1:mtr,learning_rate:0.3,0.6123407000000001
cover:4:psi:0.01:ips,learning_rate:10.0,0.6123696363636364
bag:4:ips,learning_rate:3.0,0.6124318181818182
cover:4:psi:0.1:dr,learning_rate:0.1,0.6125281818181818
cover:4:psi:0.01:nounif:mtr,learning_rate:0.001,0.6126222727272727
epsilon:0.05:ips,learning_rate:0.01,0.6126918181818183
bag:8:greedify:dr,learning_rate:0.01,0.6128171818181817
cover:8:psi:0:dr,learning_rate:0.3,0.6130470000000001
cover:16:psi:0.1:nounif:dr,learning_rate:0.003,0.6132443636363637
cover:8:psi:0.1:mtr,learning_rate:3.0,0.6133070909090909
epsilon:0.02:ips,learning_rate:0.003,0.613456
cover:1:nounif:ips,learning_rate:0.001,0.6135769
cover:16:psi:0.01:nounif:mtr,learning_rate:0.001,0.6138418181818183
epsilon:0.1:dr,learning_rate:0.03,0.6145434545454546
cover:16:psi:0.01:mtr,learning_rate:0.1,0.6149643636363636
cover:16:psi:0:dr,learning_rate:0.3,0.6155061818181817
cover:4:psi:0.1:nounif:mtr,learning_rate:3.0,0.6157549999999999
epsilon:0.1:ips,learning_rate:0.3,0.6158539090909092
cover:8:psi:0.01:mtr,learning_rate:0.03,0.6165002727272728
bag:8:greedify:dr,learning_rate:0.03,0.6167458181818181
cover:8:psi:0.1:nounif:ips,learning_rate:1.0,0.6167743636363636
cover:8:psi:0.01:nounif:ips,learning_rate:0.001,0.6168858181818182
cover:4:psi:1.0:dr,learning_rate:10.0,0.6171215454545456
bag:8:ips,learning_rate:0.03,0.617448
cover:16:psi:1.0:mtr,learning_rate:0.1,0.6175872727272727
cover:8:psi:0.1:ips,learning_rate:3.0,0.6178077272727273
cover:16:psi:0:mtr,learning_rate:0.3,0.6180280909090908
cover:16:psi:0.01:mtr,learning_rate:0.3,0.6181992727272726
bag:4:ips,learning_rate:0.01,0.6183209090909091
cover:16:psi:0.01:dr,learning_rate:0.1,0.6186521818181819
cover:16:psi:0:ips,learning_rate:0.3,0.6187453636363637
cover:16:psi:0.1:mtr,learning_rate:0.3,0.6187460909090909
bag:2:greedify:ips,learning_rate:0.003,0.6187982727272726
cover:16:psi:0.1:mtr,learning_rate:0.03,0.6190319999999999
cover:8:psi:1.0:ips,learning_rate:0.1,0.6191533636363635
cover:1:nounif:ips,learning_rate:3.0,0.6191555
cover:8:psi:0:dr,learning_rate:0.1,0.6197140909090909
epsilon:0.05:ips,learning_rate:0.03,0.6197716363636364
cover:16:psi:0.1:nounif:ips,learning_rate:0.003,0.6199045454545455
cover:16:psi:0:dr,learning_rate:0.1,0.6199342727272728
cover:8:psi:0.01:mtr,learning_rate:0.1,0.6200312727272728
cover:16:psi:0.1:nounif:ips,learning_rate:1.0,0.6203230000000001
cover:16:psi:0.1:nounif:mtr,learning_rate:0.003,0.620569090909091
cover:4:psi:0.01:ips,learning_rate:0.3,0.6206676363636364
cover:4:psi:0:mtr,learning_rate:0.1,0.6209412727272728
cover:16:psi:0:mtr,learning_rate:0.03,0.6212477272727273
cover:4:psi:0:dr,learning_rate:0.1,0.6214358181818181
epsilon:0.02:ips,learning_rate:0.01,0.6216272727272728
cover:16:psi:0.01:ips,learning_rate:0.3,0.6216310909090909
cover:8:psi:0:ips,learning_rate:0.3,0.6219055454545453
cover:16:psi:0.1:mtr,learning_rate:0.1,0.6224705454545454
cover:8:psi:1.0:mtr,learning_rate:0.3,0.6225258181818181
cover:4:psi:0.1:nounif:mtr,learning_rate:0.01,0.6225341818181819
cover:4:psi:0.1:mtr,learning_rate:0.1,0.622557
cover:4:psi:0.1:nounif:dr,learning_rate:0.003,0.6226246363636364
cover:4:psi:0.01:mtr,learning_rate:0.1,0.6226878181818182
cover:4:psi:0:ips,learning_rate:0.3,0.6227509999999999
cover:8:psi:0.1:nounif:mtr,learning_rate:0.003,0.6228504545454545
cover:16:psi:1.0:dr,learning_rate:10.0,0.6230788181818182
epsilon:0.05:ips,learning_rate:0.3,0.6233006363636364
bag:4:ips,learning_rate:10.0,0.6233599090909091
bag:4:greedify:dr,learning_rate:0.003,0.6234326363636364
cover:4:psi:0.1:nounif:ips,learning_rate:1.0,0.6236434545454546
cover:4:psi:0.01:dr,learning_rate:0.1,0.6238474545454546
bag:2:greedify:mtr,learning_rate:0.001,0.6238783636363636
cover:8:psi:0.1:ips,learning_rate:10.0,0.623976
cover:4:psi:0.01:dr,learning_rate:0.3,0.6241305454545455
cover:1:nounif:dr,learning_rate:0.001,0.6241869
bag:8:greedify:ips,learning_rate:10.0,0.6243938181818183
bag:16:ips,learning_rate:10.0,0.6244225454545455
epsilon:0.02:dr,learning_rate:0.003,0.6244535454545456
cover:8:psi:0.1:dr,learning_rate:0.1,0.6246183636363637
epsilon:0.02:mtr,learning_rate:0.03,0.6246928181818181
epsilon:0.05:dr,learning_rate:0.03,0.6248279090909091
epsilon:0.05:ips,learning_rate:0.1,0.6248762727272728
cover:4:psi:1.0:mtr,learning_rate:1.0,0.624993
cover:8:psi:1.0:mtr,learning_rate:0.1,0.6251496363636364
cover:4:psi:0.1:ips,learning_rate:0.3,0.6252007272727272
cover:8:psi:0.01:dr,learning_rate:0.1,0.6252472727272728
bag:2:mtr,learning_rate:0.001,0.6252516363636363
bag:8:dr,learning_rate:0.01,0.6254399090909091
bag:8:greedify:mtr,learning_rate:0.003,0.6261051538461538
cover:8:psi:0.01:ips,learning_rate:0.3,0.6261442727272727
bag:16:ips,learning_rate:0.03,0.6261708181818182
cover:8:psi:0.1:ips,learning_rate:0.3,0.6262945454545455
cover:4:psi:0:dr,learning_rate:0.3,0.6265527272727273
cover:16:psi:0.1:ips,learning_rate:0.3,0.6266312727272726
epsilon:0.02:ips,learning_rate:10.0,0.6267968181818182
bag:16:greedify:ips,learning_rate:0.03,0.6269874545454546
cover:4:psi:0.01:nounif:ips,learning_rate:0.001,0.6273342727272727
bag:2:mtr,learning_rate:0.003,0.6274819999999999
bag:8:greedify:mtr,learning_rate:0.01,0.627665
cover:8:psi:0.1:nounif:ips,learning_rate:0.003,0.6278068181818182
bag:4:greedify:mtr,learning_rate:0.003,0.6279363636363635
cover:16:psi:0.1:ips,learning_rate:10.0,0.628006090909091
cover:16:psi:0.1:ips,learning_rate:0.1,0.6280420909090908
cover:8:psi:1.0:mtr,learning_rate:1.0,0.6280711818181817
cover:4:psi:0.1:ips,learning_rate:10.0,0.6281804545454546
cover:8:psi:0:mtr,learning_rate:0.03,0.6282615454545455
epsilon:0.1:ips,learning_rate:0.1,0.6284873636363636
bag:8:ips,learning_rate:10.0,0.6287400909090909
bag:8:greedify:dr,learning_rate:0.3,0.6291026363636363
cover:4:psi:1.0:nounif:dr,learning_rate:0.03,0.6291073636363635
cover:1:nounif:mtr,learning_rate:0.003,0.6293472
cover:8:psi:0:mtr,learning_rate:0.1,0.6294792727272727
bag:16:greedify:dr,learning_rate:0.01,0.6300452727272727
cover:16:psi:0.1:nounif:mtr,learning_rate:1.0,0.6300599090909093
cover:1:nounif:ips,learning_rate:10.0,0.6306868000000001
cover:4:psi:0.01:nounif:dr,learning_rate:0.001,0.6310404545454545
bag:8:greedify:ips,learning_rate:0.03,0.6315117272727272
cover:4:psi:0.1:nounif:mtr,learning_rate:10.0,0.6315642727272728
cover:16:psi:0:ips,learning_rate:0.1,0.6317560909090909
cover:16:psi:0:mtr,learning_rate:0.1,0.631786090909091
epsilon:0.05:dr,learning_rate:0.01,0.6322392727272728
bag:8:dr,learning_rate:0.003,0.6326056363636364
cover:4:psi:0.1:ips,learning_rate:0.03,0.632696090909091
epsilon:0.02:dr,learning_rate:0.001,0.6333147272727273
cover:8:psi:0.01:dr,learning_rate:0.03,0.633605
bag:16:dr,learning_rate:0.01,0.6337416363636365
cover:4:psi:0.1:ips,learning_rate:0.1,0.6339144545454546
cover:16:psi:1.0:nounif:dr,learning_rate:0.01,0.6340350909090909
bag:8:greedify:ips,learning_rate:0.01,0.6340408181818181
cover:8:psi:0:ips,learning_rate:0.1,0.6341788181818182
bag:4:mtr,learning_rate:0.003,0.6341806363636363
cover:4:psi:0:ips,learning_rate:0.1,0.6342015454545455
cover:4:psi:0.1:dr,learning_rate:0.03,0.6342843636363636
cover:4:psi:1.0:mtr,learning_rate:0.3,0.6342872727272728
cover:8:psi:0.01:ips,learning_rate:0.1,0.6346609999999999
cover:1:dr,learning_rate:1.0,0.6348056000000001
cover:8:psi:1.0:ips,learning_rate:0.3,0.6352880909090909
cover:4:psi:1.0:ips,learning_rate:0.1,0.6352971818181818
bag:16:mtr,learning_rate:0.01,0.6353952727272728
cover:8:psi:0:dr,learning_rate:0.03,0.6355003636363636
cover:8:psi:0.01:mtr,learning_rate:0.01,0.6355793636363637
bag:8:mtr,learning_rate:0.01,0.6356949090909091
cover:16:psi:1.0:ips,learning_rate:0.3,0.6358117272727273
cover:4:psi:0.01:ips,learning_rate:0.1,0.6358135454545455
epsilon:0.1:ips,learning_rate:0.03,0.6358523636363637
cover:8:psi:0.1:mtr,learning_rate:0.03,0.6362129090909091
cover:4:psi:1.0:ips,learning_rate:0.3,0.6362554545454546
cover:8:psi:0.1:ips,learning_rate:0.1,0.6365145454545454
cover:16:psi:0.1:nounif:mtr,learning_rate:0.001,0.6365375454545454
cover:8:psi:0.1:ips,learning_rate:0.01,0.6369012727272727
cover:4:psi:0:dr,learning_rate:0.03,0.6372528181818182
cover:16:psi:0.01:ips,learning_rate:0.01,0.6372903636363636
epsilon:0.1:dr,learning_rate:0.003,0.6374046363636364
epsilon:0.1:dr,learning_rate:0.01,0.6374771818181819
cover:8:psi:1.0:nounif:ips,learning_rate:0.1,0.6375543636363636
epsilon:0.1:ips,learning_rate:0.003,0.6376548181818182
cover:16:psi:0.01:dr,learning_rate:0.03,0.6377290000000001
cover:8:psi:0.1:nounif:mtr,learning_rate:3.0,0.6377685454545454
cover:16:psi:0.1:dr,learning_rate:0.03,0.6378265454545454
cover:8:psi:0.1:dr,learning_rate:0.03,0.6380493636363636
bag:16:greedify:dr,learning_rate:0.3,0.6381212727272728
cover:16:psi:0:dr,learning_rate:0.03,0.6383111818181818
cover:16:psi:0.1:nounif:dr,learning_rate:0.001,0.6385847272727272
cover:16:psi:1.0:nounif:ips,learning_rate:0.03,0.638608818181818
cover:16:psi:1.0:nounif:ips,learning_rate:0.1,0.6386855454545456
cover:4:psi:0.01:mtr,learning_rate:0.03,0.6392257272727273
cover:8:psi:0.1:nounif:mtr,learning_rate:0.001,0.6392484545454546
epsilon:0.1:ips,learning_rate:0.01,0.6393841818181818
cover:16:psi:0.1:ips,learning_rate:0.03,0.6394476363636363
cover:16:psi:1.0:mtr,learning_rate:0.3,0.6400969090909091
bag:4:greedify:ips,learning_rate:0.003,0.6401939090909092
cover:16:psi:1.0:nounif:mtr,learning_rate:0.1,0.6402213636363636
cover:8:psi:0.1:ips,learning_rate:0.03,0.6404379090909091
cover:16:psi:0.01:mtr,learning_rate:0.01,0.6405359090909091
cover:8:psi:0.1:dr,learning_rate:0.01,0.6409639090909092
bag:16:ips,learning_rate:0.01,0.6410649090909092
cover:16:psi:1.0:mtr,learning_rate:1.0,0.6410732727272728
bag:4:dr,learning_rate:0.003,0.6414231818181817
cover:4:psi:0.1:nounif:mtr,learning_rate:0.001,0.6414515454545456
bag:16:greedify:mtr,learning_rate:0.01,0.6416031818181818
epsilon:0.02:mtr,learning_rate:0.003,0.6416194545454545
cover:16:psi:0.01:ips,learning_rate:0.1,0.6417402727272727
cover:16:psi:1.0:ips,learning_rate:0.03,0.6417899090909092
bag:2:dr,learning_rate:0.003,0.6418966363636364
cover:16:psi:0.1:nounif:ips,learning_rate:0.001,0.6425222727272728
cover:8:psi:1.0:nounif:dr,learning_rate:0.01,0.6428362727272726
bag:4:dr,learning_rate:0.1,0.6428366363636364
bag:4:mtr,learning_rate:0.001,0.642963
cover:4:psi:0.1:nounif:mtr,learning_rate:0.003,0.6431237272727274
cover:8:psi:0.1:nounif:ips,learning_rate:0.001,0.6431807272727273
cover:4:psi:0.1:nounif:ips,learning_rate:0.003,0.6433984545454545
cover:16:psi:1.0:dr,learning_rate:0.003,0.6437470000000001
bag:8:ips,learning_rate:0.01,0.6438847272727273
cover:4:psi:0.01:dr,learning_rate:0.03,0.6439505454545453
cover:8:psi:0.01:ips,learning_rate:0.01,0.6440085454545454
cover:8:psi:1.0:nounif:mtr,learning_rate:0.1,0.6441905454545455
cover:16:psi:0.01:nounif:dr,learning_rate:0.001,0.6444845454545455
cover:1:ips,learning_rate:3.0,0.6445441999999999
cover:16:psi:1.0:ips,learning_rate:0.1,0.6445899090909091
cover:16:psi:0.01:ips,learning_rate:0.03,0.6446300909090908
cover:4:psi:0:ips,learning_rate:0.003,0.6450123636363636
cover:8:psi:0:ips,learning_rate:0.03,0.6451418181818181
cover:16:psi:0:ips,learning_rate:0.03,0.6451833636363637
cover:8:psi:0.01:ips,learning_rate:0.03,0.6455584545454545
cover:4:psi:0:ips,learning_rate:0.03,0.6456281818181817
cover:16:psi:1.0:nounif:mtr,learning_rate:0.03,0.6457614545454545
bag:2:greedify:dr,learning_rate:0.001,0.6459113636363636
cover:4:psi:1.0:ips,learning_rate:1.0,0.646028090909091
cover:4:psi:0:ips,learning_rate:0.01,0.646657909090909
cover:1:mtr,learning_rate:0.1,0.6467017
epsilon:0.05:ips,learning_rate:0.003,0.646815090909091
cover:4:psi:0:mtr,learning_rate:0.03,0.647209090909091
cover:8:psi:0.1:nounif:mtr,learning_rate:10.0,0.6472246363636364
epsilon:0.02:mtr,learning_rate:0.001,0.6473084545454546
cover:16:psi:0.1:nounif:ips,learning_rate:3.0,0.6473237272727274
cover:4:psi:1.0:mtr,learning_rate:0.1,0.6474487272727273
cover:16:psi:0.1:ips,learning_rate:0.003,0.6474832727272728
cover:4:psi:0.01:ips,learning_rate:0.03,0.6476927272727273
cover:8:psi:0:ips,learning_rate:0.003,0.6477956363636364
bag:4:greedify:ips,learning_rate:0.001,0.6478996363636363
cover:4:psi:0.1:ips,learning_rate:0.01,0.6482118181818182
cover:16:psi:0.1:dr,learning_rate:0.01,0.6482261818181818
bag:8:greedify:dr,learning_rate:0.1,0.648388
cover:8:psi:0:ips,learning_rate:0.01,0.6484640909090907
cover:16:psi:0.1:ips,learning_rate:0.01,0.6485033636363636
cover:4:psi:0.1:nounif:dr,learning_rate:0.001,0.648590909090909
cover:4:psi:0.1:nounif:ips,learning_rate:3.0,0.6488237272727273
cover:16:psi:0.1:mtr,learning_rate:0.01,0.6492048181818182
cover:4:psi:1.0:mtr,learning_rate:3.0,0.6492564545454544
cover:16:psi:1.0:dr,learning_rate:0.01,0.649275909090909
epsilon:0.05:dr,learning_rate:0.003,0.6494309090909091
cover:8:psi:1.0:nounif:ips,learning_rate:0.03,0.6494621818181818
cover:16:psi:1.0:ips,learning_rate:1.0,0.6498362727272727
bag:8:greedify:dr,learning_rate:0.003,0.6499734545454546
cover:4:psi:0.1:mtr,learning_rate:0.03,0.6501287272727274
cover:16:psi:0.1:mtr,learning_rate:0.001,0.651370909090909
epsilon:0.1:mtr,learning_rate:0.03,0.6514190000000002
cover:8:psi:0.1:mtr,learning_rate:0.01,0.6515504545454546
cover:4:psi:0:ips,learning_rate:0.001,0.6517741818181818
bag:8:dr,learning_rate:0.03,0.6518300000000001
bag:8:greedify:ips,learning_rate:0.003,0.6519873636363637
cover:16:psi:0.1:dr,learning_rate:0.001,0.6521176363636364
cover:8:psi:1.0:nounif:mtr,learning_rate:0.3,0.6526599090909092
epsilon:0.02:mtr,learning_rate:0.01,0.6527863636363634
cover:4:psi:0.01:ips,learning_rate:0.01,0.6530136363636364
cover:8:psi:0.1:nounif:dr,learning_rate:0.001,0.6530246363636363
cover:8:psi:0:ips,learning_rate:0.001,0.6530634545454544
epsilon:0.1:ips,learning_rate:0.001,0.6531821818181819
cover:8:psi:0.1:nounif:ips,learning_rate:3.0,0.6532806363636364
cover:16:psi:0:ips,learning_rate:0.01,0.6536598181818182
bag:4:ips,learning_rate:0.003,0.6541891818181819
bag:16:greedify:dr,learning_rate:0.003,0.6542195454545455
epsilon:0.05:mtr,learning_rate:0.03,0.6543929090909091
cover:16:psi:0:ips,learning_rate:0.003,0.6544822727272727
cover:16:psi:0.1:nounif:mtr,learning_rate:3.0,0.6545924545454546
cover:1:ips,learning_rate:1.0,0.6548084999999999
cover:1:dr,learning_rate:10.0,0.6548499
cover:4:psi:0.1:mtr,learning_rate:0.01,0.6553357272727273
cover:16:psi:0.1:mtr,learning_rate:0.003,0.6553597272727273
cover:4:psi:0.1:nounif:ips,learning_rate:0.001,0.6560420000000001
cover:16:psi:1.0:nounif:mtr,learning_rate:0.01,0.656347181818182
cover:16:psi:0.01:ips,learning_rate:0.003,0.656370909090909
epsilon:0.05:ips,learning_rate:0.001,0.656425
cover:1:ips,learning_rate:10.0,0.6568149
cover:8:psi:1.0:nounif:ips,learning_rate:0.3,0.6572682727272727
cover:4:psi:1.0:ips,learning_rate:3.0,0.6577009090909093
cover:16:psi:0.1:ips,learning_rate:0.001,0.6580649090909091
cover:8:psi:1.0:nounif:mtr,learning_rate:0.03,0.6580998181818183
bag:4:greedify:mtr,learning_rate:0.001,0.6582776363636365
cover:8:psi:1.0:ips,learning_rate:3.0,0.6583371818181817
cover:4:psi:1.0:dr,learning_rate:0.03,0.658534
cover:8:psi:1.0:mtr,learning_rate:3.0,0.6592464545454546
cover:4:psi:1.0:nounif:mtr,learning_rate:0.3,0.659409
bag:4:greedify:dr,learning_rate:0.001,0.6594845454545455
cover:8:psi:0:mtr,learning_rate:0.01,0.6599919999999999
cover:16:psi:0.1:dr,learning_rate:0.003,0.6601317272727272
cover:1:nounif:mtr,learning_rate:0.001,0.6603026
cover:16:psi:0:ips,learning_rate:0.001,0.6603868181818181
cover:4:psi:1.0:nounif:mtr,learning_rate:0.1,0.6604005454545454
cover:4:psi:0.1:dr,learning_rate:0.003,0.6606102727272728
cover:4:psi:1.0:nounif:ips,learning_rate:0.1,0.6608245454545455
cover:16:psi:1.0:ips,learning_rate:3.0,0.6614031818181818
cover:16:psi:1.0:nounif:ips,learning_rate:0.3,0.661405
cover:16:psi:1.0:mtr,learning_rate:0.03,0.661429090909091
cover:16:psi:0.1:nounif:mtr,learning_rate:10.0,0.6615098181818182
bag:16:dr,learning_rate:0.003,0.6623037272727273
cover:4:psi:1.0:nounif:ips,learning_rate:0.3,0.6624053636363637
cover:4:psi:0.01:ips,learning_rate:0.001,0.6625449999999999
cover:16:psi:1.0:nounif:mtr,learning_rate:0.3,0.6626111818181818
bag:16:greedify:ips,learning_rate:0.01,0.6627725454545456
bag:8:ips,learning_rate:0.003,0.6629880000000001
bag:16:greedify:mtr,learning_rate:0.003,0.6633680000000001
cover:8:psi:1.0:mtr,learning_rate:0.03,0.6634181818181818
cover:8:psi:0.1:dr,learning_rate:0.003,0.6636150909090909
cover:8:psi:0.01:dr,learning_rate:0.003,0.663825909090909
bag:16:mtr,learning_rate:0.003,0.6640717272727272
cover:16:psi:1.0:ips,learning_rate:0.01,0.6647101818181818
cover:8:psi:0.1:ips,learning_rate:0.003,0.6652210909090909
cover:16:psi:0.01:mtr,learning_rate:0.003,0.6653267272727273
cover:8:psi:0.01:dr,learning_rate:0.001,0.6653956363636364
cover:4:psi:0.01:ips,learning_rate:0.003,0.665598
cover:8:psi:1.0:ips,learning_rate:0.03,0.6657154545454544
cover:4:psi:0.1:dr,learning_rate:0.01,0.6660498181818182
cover:4:psi:1.0:mtr,learning_rate:10.0,0.6661212727272726
cover:16:psi:1.0:mtr,learning_rate:3.0,0.6664335454545454
cover:4:psi:0.01:mtr,learning_rate:0.01,0.6665012727272728
cover:16:psi:1.0:nounif:ips,learning_rate:0.01,0.6668245454545455
bag:8:mtr,learning_rate:0.003,0.6671154545454545
bag:16:greedify:mtr,learning_rate:0.001,0.6673024545454544
bag:8:ips,learning_rate:0.001,0.6675329090909091
cover:16:psi:0:mtr,learning_rate:0.01,0.6683861818181818
cover:16:psi:1.0:nounif:dr,learning_rate:0.003,0.6685199999999999
bag:2:dr,learning_rate:0.001,0.6688185454545454
cover:8:psi:0.1:nounif:ips,learning_rate:10.0,0.6688469090909092
epsilon:0.1:dr,learning_rate:0.001,0.669479090909091
bag:8:greedify:mtr,learning_rate:0.001,0.6696152727272727
cover:16:psi:0:mtr,learning_rate:0.001,0.6697683636363636
cover:8:psi:0:mtr,learning_rate:0.003,0.6699022727272728
cover:4:psi:0.01:dr,learning_rate:0.003,0.6710318181818182
cover:1:ips,learning_rate:0.3,0.6710637
cover:16:psi:0.01:dr,learning_rate:0.001,0.6710968181818182
cover:16:psi:0:mtr,learning_rate:0.003,0.671133818181818
epsilon:0.05:dr,learning_rate:0.001,0.6713691818181818
cover:8:psi:0.1:ips,learning_rate:0.001,0.6720303636363636
bag:8:mtr,learning_rate:0.001,0.6722221818181817
bag:16:ips,learning_rate:0.003,0.6723823636363636
cover:4:psi:0.01:dr,learning_rate:0.01,0.6725657272727272
cover:8:psi:1.0:dr,learning_rate:0.01,0.6732650909090909
cover:16:psi:0.1:nounif:ips,learning_rate:10.0,0.6735765454545454
cover:16:psi:0.01:dr,learning_rate:0.01,0.6737977272727271
cover:8:psi:0.01:dr,learning_rate:0.01,0.6739380909090911
cover:4:psi:0.1:nounif:ips,learning_rate:10.0,0.6739568181818183
epsilon:0.05:mtr,learning_rate:0.003,0.6742993636363637
cover:8:psi:0.1:mtr,learning_rate:0.003,0.6750234545454545
cover:4:psi:0:mtr,learning_rate:0.01,0.6750687272727273
cover:16:psi:0:dr,learning_rate:0.003,0.6751507272727273
bag:4:dr,learning_rate:0.001,0.6751761818181817
epsilon:0.02:ips,learning_rate:0.001,0.6756245454545455
cover:16:psi:0.01:dr,learning_rate:0.003,0.6759863636363637
cover:1:dr,learning_rate:0.1,0.6760482000000001
epsilon:0.1:mtr,learning_rate:0.01,0.6766724545454544
cover:4:psi:1.0:nounif:mtr,learning_rate:1.0,0.6768372727272727
cover:16:psi:0:dr,learning_rate:0.01,0.676883
cover:4:psi:0:dr,learning_rate:0.01,0.6776035454545455
cover:8:psi:0.01:ips,learning_rate:0.003,0.6779442727272728
bag:8:greedify:ips,learning_rate:0.001,0.6784447272727273
cover:8:psi:0:dr,learning_rate:0.01,0.678503090909091
bag:16:ips,learning_rate:0.001,0.6785340909090908
bag:4:ips,learning_rate:0.001,0.6785358181818182
cover:16:psi:1.0:nounif:mtr,learning_rate:0.003,0.679
bag:8:dr,learning_rate:0.001,0.679341
cover:16:psi:0.01:ips,learning_rate:0.001,0.6795296363636364
cover:16:psi:1.0:nounif:ips,learning_rate:0.003,0.6800630909090909
bag:16:greedify:ips,learning_rate:0.001,0.6807883636363635
epsilon:0.05:mtr,learning_rate:0.01,0.6808182727272729
cover:8:psi:0.01:ips,learning_rate:0.001,0.680959090909091
cover:1:dr,learning_rate:0.3,0.68102
cover:4:psi:1.0:nounif:ips,learning_rate:1.0,0.6810443636363638
cover:16:psi:1.0:nounif:ips,learning_rate:1.0,0.6811284545454545
cover:16:psi:1.0:mtr,learning_rate:0.01,0.6815881818181818
bag:16:mtr,learning_rate:0.001,0.6821033636363636
bag:16:greedify:dr,learning_rate:0.001,0.6821167272727273
bag:8:greedify:dr,learning_rate:0.001,0.6823471818181818
cover:8:psi:1.0:nounif:ips,learning_rate:1.0,0.6825316363636365
cover:4:psi:0:dr,learning_rate:0.003,0.6827214545454546
cover:8:psi:0.1:dr,learning_rate:0.001,0.6844761818181818
cover:8:psi:1.0:nounif:ips,learning_rate:0.01,0.6852211818181817
cover:8:psi:1.0:nounif:mtr,learning_rate:1.0,0.6853392727272728
cover:8:psi:0:dr,learning_rate:0.003,0.6855631818181818
cover:8:psi:1.0:nounif:mtr,learning_rate:0.01,0.686341
epsilon:0.1:mtr,learning_rate:0.003,0.6863863636363636
cover:8:psi:1.0:mtr,learning_rate:0.01,0.6867791818181819
bag:16:greedify:ips,learning_rate:0.003,0.6872999999999999
cover:4:psi:1.0:mtr,learning_rate:0.03,0.6876600909090909
cover:1:ips,learning_rate:0.1,0.6888732000000001
cover:4:psi:1.0:nounif:ips,learning_rate:0.03,0.6888865454545455
cover:4:psi:1.0:ips,learning_rate:0.03,0.688892090909091
cover:8:psi:1.0:mtr,learning_rate:10.0,0.6895429090909091
bag:16:dr,learning_rate:0.03,0.6897684545454545
cover:8:psi:0.01:mtr,learning_rate:0.003,0.6902553636363636
bag:16:dr,learning_rate:0.001,0.6903497272727273
cover:8:psi:1.0:ips,learning_rate:10.0,0.6909436363636364
cover:8:psi:1.0:nounif:dr,learning_rate:0.003,0.690971181818182
cover:4:psi:0.1:ips,learning_rate:0.003,0.6910658181818182
cover:4:psi:1.0:ips,learning_rate:10.0,0.6914334545454545
cover:16:psi:0:dr,learning_rate:0.001,0.6921109090909091
cover:16:psi:0.01:mtr,learning_rate:0.001,0.692506
cover:4:psi:1.0:dr,learning_rate:0.01,0.6929329090909092
cover:4:psi:1.0:nounif:dr,learning_rate:0.01,0.6932228181818182
cover:4:psi:0.01:dr,learning_rate:0.001,0.6934158181818183
cover:16:psi:1.0:nounif:mtr,learning_rate:0.001,0.6935279090909091
epsilon:0.05:mtr,learning_rate:0.001,0.6940117272727273
cover:16:psi:1.0:nounif:dr,learning_rate:0.001,0.6941111818181818
cover:16:psi:1.0:ips,learning_rate:10.0,0.6943405454545454
cover:4:psi:1.0:nounif:mtr,learning_rate:3.0,0.6943516363636365
cover:8:psi:0.1:mtr,learning_rate:0.001,0.6944555454545454
cover:8:psi:1.0:ips,learning_rate:0.003,0.6944934545454546
cover:16:psi:1.0:nounif:mtr,learning_rate:1.0,0.6951997272727274
cover:4:psi:0.1:ips,learning_rate:0.001,0.6953792727272727
cover:4:psi:1.0:nounif:mtr,learning_rate:0.03,0.6956290000000002
bag:8:dr,learning_rate:0.1,0.696409
cover:1:dr,learning_rate:0.03,0.6965743
cover:8:psi:1.0:ips,learning_rate:0.01,0.6975958181818182
cover:8:psi:0:dr,learning_rate:0.001,0.6979083636363637
cover:8:psi:1.0:nounif:ips,learning_rate:0.003,0.6987927272727272
cover:1:ips,learning_rate:0.03,0.6992115
cover:16:psi:1.0:mtr,learning_rate:10.0,0.6994544545454547
epsilon:0.1:mtr,learning_rate:0.001,0.6996592727272728
cover:4:psi:0.01:mtr,learning_rate:0.003,0.6996763636363638
cover:1:ips,learning_rate:0.01,0.7007658999999999
bag:16:greedify:dr,learning_rate:0.03,0.7011124545454546
cover:4:psi:0.1:mtr,learning_rate:0.001,0.7012151818181819
cover:8:psi:0:mtr,learning_rate:0.001,0.7014876363636363
cover:16:psi:1.0:dr,learning_rate:0.001,0.7020345454545454
cover:8:psi:1.0:nounif:mtr,learning_rate:0.003,0.7030087272727272
cover:4:psi:0:dr,learning_rate:0.001,0.7031387272727272
cover:8:psi:1.0:dr,learning_rate:0.003,0.7036827272727273
cover:8:psi:0.01:mtr,learning_rate:0.001,0.7038512727272727
cover:16:psi:1.0:mtr,learning_rate:0.003,0.704095909090909
cover:1:ips,learning_rate:0.003,0.7045005
cover:4:psi:1.0:ips,learning_rate:0.01,0.7045515454545455
cover:4:psi:1.0:nounif:mtr,learning_rate:0.01,0.7046560769230769
cover:1:mtr,learning_rate:0.03,0.7047656999999999
cover:16:psi:1.0:ips,learning_rate:0.003,0.7048257272727272
cover:4:psi:0:mtr,learning_rate:0.003,0.7049285454545455
cover:16:psi:1.0:nounif:ips,learning_rate:0.001,0.7050565454545455
cover:8:psi:1.0:nounif:dr,learning_rate:0.001,0.7063823636363636
cover:16:psi:1.0:mtr,learning_rate:0.001,0.7066381818181818
cover:8:psi:1.0:nounif:mtr,learning_rate:3.0,0.7070837272727274
cover:8:psi:1.0:nounif:ips,learning_rate:0.001,0.7076582727272727
cover:8:psi:1.0:mtr,learning_rate:0.003,0.7082724545454545
cover:4:psi:0.1:dr,learning_rate:0.001,0.7085635454545455
cover:4:psi:1.0:nounif:ips,learning_rate:3.0,0.7089432727272726
cover:4:psi:1.0:nounif:mtr,learning_rate:10.0,0.7091801818181818
cover:8:psi:1.0:dr,learning_rate:0.001,0.7096447272727273
cover:4:psi:0:mtr,learning_rate:0.001,0.7127611818181818
cover:8:psi:1.0:nounif:mtr,learning_rate:0.001,0.7141226363636363
cover:4:psi:0.1:mtr,learning_rate:0.003,0.7151342727272728
cover:8:psi:1.0:ips,learning_rate:0.001,0.7151658181818181
cover:16:psi:1.0:nounif:ips,learning_rate:3.0,0.7153185454545455
cover:8:psi:1.0:nounif:ips,learning_rate:3.0,0.7155304545454546
cover:4:psi:0.01:mtr,learning_rate:0.001,0.7159469090909091
cover:16:psi:1.0:ips,learning_rate:0.001,0.7164574545454546
cover:1:ips,learning_rate:0.001,0.7167526000000001
cover:16:psi:1.0:nounif:mtr,learning_rate:3.0,0.7171019999999999
cover:4:psi:1.0:mtr,learning_rate:0.01,0.7172498181818182
cover:4:psi:1.0:nounif:ips,learning_rate:0.01,0.7177966363636364
cover:8:psi:1.0:mtr,learning_rate:0.001,0.718804
cover:4:psi:1.0:ips,learning_rate:0.003,0.719591090909091
cover:4:psi:1.0:nounif:dr,learning_rate:0.003,0.7202933636363636
cover:16:psi:1.0:nounif:mtr,learning_rate:10.0,0.7210380999999999
cover:4:psi:1.0:nounif:ips,learning_rate:0.001,0.7246223636363636
cover:1:dr,learning_rate:0.01,0.7261239
cover:4:psi:1.0:nounif:dr,learning_rate:0.001,0.7264121818181818
cover:4:psi:1.0:nounif:ips,learning_rate:10.0,0.7264583636363637
cover:8:psi:1.0:nounif:ips,learning_rate:10.0,0.7279191818181819
cover:4:psi:1.0:dr,learning_rate:0.003,0.7283000000000001
cover:1:mtr,learning_rate:0.01,0.7287049000000001
cover:1:dr,learning_rate:0.003,0.7300307999999999
cover:4:psi:1.0:dr,learning_rate:0.001,0.7301445454545454
cover:4:psi:1.0:nounif:ips,learning_rate:0.003,0.7305450909090908
cover:1:mtr,learning_rate:0.003,0.7324050000000001
cover:16:psi:1.0:nounif:ips,learning_rate:10.0,0.7324547272727273
cover:4:psi:1.0:nounif:mtr,learning_rate:0.001,0.732708818181818
bag:16:dr,learning_rate:0.1,0.7336210000000002
cover:4:psi:1.0:mtr,learning_rate:0.003,0.7337843636363636
cover:8:psi:1.0:nounif:mtr,learning_rate:10.0,0.734741
cover:4:psi:1.0:nounif:mtr,learning_rate:0.003,0.7361041818181818
cover:1:mtr,learning_rate:0.001,0.7366015
cover:4:psi:1.0:mtr,learning_rate:0.001,0.7383890909090909
cover:4:psi:1.0:ips,learning_rate:0.001,0.738875818181818
cover:1:dr,learning_rate:0.001,0.7512342999999999
bag:16:greedify:dr,learning_rate:0.1,0.7730238181818183
