,ds,na,cb_type,lr,algo,loss,sz,nf,rawloss
10802,8,2,dr,learning_rate:0.3,cover:4:psi:0.1:nounif:dr,0.023188,345,6,0.023188
637,10,4,ips,learning_rate:0.3,cover:8:psi:0:nounif:ips,0.182432,148,18,0.182432
2232,12,10,dr,learning_rate:1.0,bag:4:dr,0.5535,2000,216,0.5535
4335,16,10,dr,learning_rate:10.0,bag:8:dr,0.8815,2000,64,0.8815
6303,20,10,ips,learning_rate:0.01,epsilon:0.05:ips,0.8375,2000,240,0.8375
3739,14,10,ips,learning_rate:0.003,cover:8:psi:0:nounif:ips,0.877,2000,76,0.877
4068,14,10,dr,learning_rate:0.03,cover:16:psi:0.1:nounif:dr,0.838,2000,76,0.838
1388,11,3,mtr,learning_rate:1.0,cover:1:mtr,0.16,625,4,0.16
1434,11,3,dr,learning_rate:0.1,cover:4:psi:0:dr,0.1824,625,4,0.1824
8262,21,4,ips,learning_rate:0.1,cover:16:psi:1.0:ips,0.318866,1728,6,0.318866
7230,20,10,ips,learning_rate:0.3,cover:16:psi:1.0:ips,0.8005,2000,240,0.8005
9193,3,2,mtr,learning_rate:10.0,cover:16:psi:0.01:mtr,0.263454,3196,36,0.263454
4987,16,10,ips,learning_rate:0.001,cover:16:psi:0:nounif:ips,0.8815,2000,64,0.8815
7750,21,4,mtr,learning_rate:0.1,cover:4:psi:0.01:nounif:mtr,0.242477,1728,6,0.242477
7779,21,4,ips,learning_rate:0.3,cover:4:psi:0.1:ips,0.236111,1728,6,0.236111
2240,12,10,mtr,learning_rate:10.0,bag:4:mtr,0.589,2000,216,0.589
2437,12,10,ips,learning_rate:0.01,cover:1:nounif:ips,0.678,2000,216,0.678
9354,6,26,ips,learning_rate:0.01,epsilon:0:ips,0.94785,20000,16,0.94785
3698,14,10,mtr,learning_rate:0.3,cover:4:psi:1.0:nounif:mtr,0.8825,2000,76,0.8825
8995,3,2,mtr,learning_rate:0.3,cover:8:psi:0.01:nounif:mtr,0.208698,3196,36,0.208698
3241,14,10,ips,learning_rate:1.0,bag:2:ips,0.879,2000,76,0.879
4815,16,10,dr,learning_rate:1.0,cover:8:psi:0.01:dr,0.891,2000,64,0.891
398,10,4,mtr,learning_rate:1.0,cover:4:psi:0:mtr,0.364865,148,18,0.364865
2479,12,10,ips,learning_rate:3.0,cover:4:psi:0:ips,0.802,2000,216,0.802
2778,12,10,dr,learning_rate:10.0,cover:8:psi:0.01:nounif:dr,0.49,2000,216,0.49
5135,16,10,mtr,learning_rate:0.1,cover:16:psi:1.0:mtr,0.883,2000,64,0.883
2491,12,10,ips,learning_rate:0.01,cover:4:psi:0:nounif:ips,0.65,2000,216,0.65
7384,21,4,mtr,learning_rate:10.0,epsilon:0.1:mtr,0.15162,1728,6,0.15162
104,10,4,mtr,learning_rate:3.0,epsilon:0.1:mtr,0.22973,148,18,0.22973
5421,18,10,dr,learning_rate:3.0,bag:2:greedify:dr,0.717,2000,6,0.717
11011,8,2,mtr,learning_rate:0.01,cover:8:psi:0.1:nounif:mtr,0.037681,345,6,0.037681
615,10,4,dr,learning_rate:3.0,cover:8:psi:0:dr,0.364865,148,18,0.364865
9481,6,26,mtr,learning_rate:10.0,bag:2:mtr,0.83295,20000,16,0.83295
10234,6,26,mtr,learning_rate:3.0,cover:16:psi:0.1:mtr,0.9348,20000,16,0.9348
7587,21,4,ips,learning_rate:0.1,bag:16:greedify:ips,0.175926,1728,6,0.175926
3220,14,10,ips,learning_rate:10.0,epsilon:0.1:ips,0.8825,2000,76,0.8825
1270,11,3,ips,learning_rate:0.03,bag:2:greedify:ips,0.1936,625,4,0.1936
10070,6,26,dr,learning_rate:3.0,cover:8:psi:1.0:dr,0.92755,20000,16,0.92755
10127,6,26,dr,learning_rate:10.0,cover:16:psi:0:dr,0.92665,20000,16,0.92665
9587,6,26,dr,learning_rate:10.0,bag:2:greedify:dr,0.79145,20000,16,0.79145
474,10,4,dr,learning_rate:0.3,cover:4:psi:0.01:nounif:dr,0.135135,148,18,0.135135
2768,12,10,mtr,learning_rate:0.1,cover:8:psi:0.01:nounif:mtr,0.7465,2000,216,0.7465
1877,11,3,mtr,learning_rate:3.0,cover:16:psi:0:mtr,0.2304,625,4,0.2304
3408,14,10,dr,learning_rate:10.0,bag:8:greedify:dr,0.8855,2000,76,0.8855
9504,6,26,ips,learning_rate:3.0,bag:4:ips,0.95045,20000,16,0.95045
367,10,4,ips,learning_rate:0.3,cover:1:nounif:ips,0.182432,148,18,0.182432
7373,21,4,dr,learning_rate:0.3,epsilon:0.1:dr,0.166667,1728,6,0.166667
9400,6,26,mtr,learning_rate:10.0,epsilon:0.02:mtr,0.7823,20000,16,0.7823
3476,14,10,mtr,learning_rate:0.03,cover:1:nounif:mtr,0.8645,2000,76,0.8645
3570,14,10,dr,learning_rate:10.0,cover:4:psi:0.01:dr,0.8855,2000,76,0.8855
4822,16,10,ips,learning_rate:10.0,cover:8:psi:0.01:ips,0.881,2000,64,0.881
10795,8,2,mtr,learning_rate:0.01,cover:4:psi:0.1:nounif:mtr,0.04058,345,6,0.04058
4941,16,10,dr,learning_rate:0.03,cover:8:psi:1.0:nounif:dr,0.889,2000,64,0.889
8261,21,4,dr,learning_rate:0.1,cover:16:psi:1.0:dr,0.183449,1728,6,0.183449
7510,21,4,mtr,learning_rate:0.3,bag:2:greedify:mtr,0.092014,1728,6,0.092014
9154,3,2,mtr,learning_rate:0.1,cover:16:psi:0:nounif:mtr,0.205882,3196,36,0.205882
9192,3,2,ips,learning_rate:10.0,cover:16:psi:0.01:ips,0.265957,3196,36,0.265957
6722,20,10,dr,learning_rate:3.0,cover:4:psi:0.01:nounif:dr,0.67,2000,240,0.67
6592,20,10,mtr,learning_rate:10.0,cover:1:mtr,0.666,2000,240,0.666
4413,16,10,dr,learning_rate:3.0,bag:4:greedify:dr,0.8655,2000,64,0.8655
4672,16,10,ips,learning_rate:0.03,cover:4:psi:0.1:nounif:ips,0.879,2000,64,0.879
6123,18,10,dr,learning_rate:3.0,cover:16:psi:0.1:dr,0.7855,2000,6,0.7855
8815,3,2,mtr,learning_rate:10.0,cover:4:psi:0.1:mtr,0.241239,3196,36,0.241239
9705,6,26,ips,learning_rate:0.01,cover:4:psi:0:nounif:ips,0.9474,20000,16,0.9474
1788,11,3,dr,learning_rate:0.3,cover:8:psi:0.1:nounif:dr,0.12,625,4,0.12
44,10,4,mtr,learning_rate:0.3,epsilon:0.02:mtr,0.148649,148,18,0.148649
8569,3,2,mtr,learning_rate:3.0,bag:4:greedify:mtr,0.222778,3196,36,0.222778
5539,18,10,ips,learning_rate:0.003,cover:1:nounif:ips,0.8185,2000,6,0.8185
3088,12,10,ips,learning_rate:0.03,cover:16:psi:1.0:nounif:ips,0.807,2000,216,0.807
1975,11,3,ips,learning_rate:0.1,cover:16:psi:0.1:ips,0.2624,625,4,0.2624
6639,20,10,ips,learning_rate:1.0,cover:4:psi:0:ips,0.791,2000,240,0.791
10233,6,26,ips,learning_rate:3.0,cover:16:psi:0.1:ips,0.9336,20000,16,0.9336
9751,6,26,mtr,learning_rate:10.0,cover:4:psi:0.01:mtr,0.88775,20000,16,0.88775
9911,6,26,dr,learning_rate:10.0,cover:8:psi:0:dr,0.9261,20000,16,0.9261
6193,18,10,ips,learning_rate:0.03,cover:16:psi:1.0:nounif:ips,0.849,2000,6,0.849
929,10,4,mtr,learning_rate:0.03,cover:16:psi:0.1:mtr,0.243243,148,18,0.243243
1120,11,3,ips,learning_rate:3.0,epsilon:0.05:ips,0.2576,625,4,0.2576
10511,8,2,dr,learning_rate:3.0,bag:8:dr,0.034783,345,6,0.034783
7038,20,10,ips,learning_rate:0.1,cover:8:psi:1.0:nounif:ips,0.84,2000,240,0.84
9643,6,26,mtr,learning_rate:10.0,bag:8:greedify:mtr,0.80395,20000,16,0.80395
701,10,4,mtr,learning_rate:10.0,cover:8:psi:0.01:nounif:mtr,0.22973,148,18,0.22973
5397,18,10,dr,learning_rate:10.0,bag:16:dr,0.7495,2000,6,0.7495
6643,20,10,mtr,learning_rate:3.0,cover:4:psi:0:mtr,0.783,2000,240,0.783
1734,11,3,dr,learning_rate:0.3,cover:8:psi:0.01:nounif:dr,0.1248,625,4,0.1248
7802,21,4,dr,learning_rate:0.1,cover:4:psi:0.1:nounif:dr,0.092593,1728,6,0.092593
368,10,4,mtr,learning_rate:0.3,cover:1:nounif:mtr,0.148649,148,18,0.148649
5502,18,10,dr,learning_rate:3.0,bag:16:greedify:dr,0.669,2000,6,0.669
6449,20,10,dr,learning_rate:1.0,bag:16:dr,0.727,2000,240,0.727
9188,3,2,dr,learning_rate:3.0,cover:16:psi:0.01:dr,0.251564,3196,36,0.251564
4114,14,10,ips,learning_rate:0.001,cover:16:psi:1.0:nounif:ips,0.8805,2000,76,0.8805
1508,11,3,mtr,learning_rate:0.003,cover:4:psi:0.01:nounif:mtr,0.2112,625,4,0.2112
4931,16,10,mtr,learning_rate:10.0,cover:8:psi:1.0:mtr,0.883,2000,64,0.883
11168,8,2,dr,learning_rate:0.003,cover:16:psi:0.01:nounif:dr,0.014493,345,6,0.014493
5340,18,10,dr,learning_rate:3.0,bag:4:dr,0.689,2000,6,0.689
8049,21,4,ips,learning_rate:0.3,cover:8:psi:1.0:ips,0.329282,1728,6,0.329282
9938,6,26,dr,learning_rate:10.0,cover:8:psi:0:nounif:dr,0.7636,20000,16,0.7636
7182,20,10,ips,learning_rate:3.0,cover:16:psi:0.1:ips,0.7865,2000,240,0.7865
2286,12,10,dr,learning_rate:1.0,bag:16:dr,0.565,2000,216,0.565
10599,8,2,ips,learning_rate:0.001,bag:8:greedify:ips,0.055072,345,6,0.055072
2747,12,10,mtr,learning_rate:1.0,cover:8:psi:0.01:mtr,0.7715,2000,216,0.7715
5305,18,10,ips,learning_rate:0.1,bag:2:ips,0.851,2000,6,0.851
3260,14,10,mtr,learning_rate:0.03,bag:4:mtr,0.8755,2000,76,0.8755
11067,8,2,ips,learning_rate:0.03,cover:8:psi:1.0:nounif:ips,0.17971,345,6,0.17971
8972,3,2,dr,learning_rate:3.0,cover:8:psi:0.01:dr,0.251564,3196,36,0.251564
4874,16,10,mtr,learning_rate:3.0,cover:8:psi:0.1:mtr,0.8755,2000,64,0.8755
5617,18,10,ips,learning_rate:0.001,cover:4:psi:0.01:ips,0.8445,2000,6,0.8445
5931,18,10,dr,learning_rate:1.0,cover:8:psi:0.1:nounif:dr,0.729,2000,6,0.729
8156,21,4,dr,learning_rate:0.3,cover:16:psi:0.01:dr,0.191551,1728,6,0.191551
5907,18,10,dr,learning_rate:3.0,cover:8:psi:0.1:dr,0.789,2000,6,0.789
1219,11,3,ips,learning_rate:0.1,bag:8:ips,0.2656,625,4,0.2656
5229,18,10,dr,learning_rate:1.0,epsilon:0.02:dr,0.8475,2000,6,0.8475
5750,18,10,mtr,learning_rate:10.0,cover:4:psi:1.0:mtr,0.814,2000,6,0.814
1300,11,3,ips,learning_rate:0.1,bag:4:greedify:ips,0.24,625,4,0.24
319,10,4,ips,learning_rate:3.0,bag:16:greedify:ips,0.385135,148,18,0.385135
2707,12,10,ips,learning_rate:0.01,cover:8:psi:0:nounif:ips,0.683,2000,216,0.683
8409,3,2,ips,learning_rate:10.0,epsilon:0.1:ips,0.275031,3196,36,0.275031
6723,20,10,ips,learning_rate:3.0,cover:4:psi:0.01:nounif:ips,0.782,2000,240,0.782
64,10,4,ips,learning_rate:0.03,epsilon:0.05:ips,0.216216,148,18,0.216216
6348,20,10,ips,learning_rate:10.0,epsilon:0.1:ips,0.792,2000,240,0.792
2909,12,10,mtr,learning_rate:1.0,cover:16:psi:0:mtr,0.791,2000,216,0.791
7457,21,4,dr,learning_rate:1.0,bag:8:dr,0.08912,1728,6,0.08912
1323,11,3,dr,learning_rate:0.03,bag:8:greedify:dr,0.192,625,4,0.192
6751,20,10,mtr,learning_rate:3.0,cover:4:psi:0.1:mtr,0.774,2000,240,0.774
9266,3,2,dr,learning_rate:1.0,cover:16:psi:0.1:nounif:dr,0.178974,3196,36,0.178974
2033,11,3,mtr,learning_rate:0.3,cover:16:psi:1.0:mtr,0.3248,625,4,0.3248
3032,12,10,mtr,learning_rate:0.01,cover:16:psi:0.1:nounif:mtr,0.7705,2000,216,0.7705
2456,12,10,mtr,learning_rate:10.0,cover:1:nounif:mtr,0.5895,2000,216,0.5895
9533,6,26,dr,learning_rate:10.0,bag:8:dr,0.8247,20000,16,0.8247
581,10,4,mtr,learning_rate:0.1,cover:4:psi:1.0:nounif:mtr,0.533784,148,18,0.533784
10991,8,2,dr,learning_rate:0.3,cover:8:psi:0.1:dr,0.078261,345,6,0.078261
1813,11,3,ips,learning_rate:0.1,cover:8:psi:1.0:ips,0.2832,625,4,0.2832
6073,18,10,ips,learning_rate:10.0,cover:16:psi:0.01:ips,0.846,2000,6,0.846
709,10,4,ips,learning_rate:0.01,cover:8:psi:0.1:ips,0.405405,148,18,0.405405
5587,18,10,ips,learning_rate:10.0,cover:4:psi:0:ips,0.855,2000,6,0.855
8131,21,4,mtr,learning_rate:0.3,cover:16:psi:0:nounif:mtr,0.29456,1728,6,0.29456
8488,3,2,mtr,learning_rate:3.0,bag:8:mtr,0.239987,3196,36,0.239987
9212,3,2,dr,learning_rate:1.0,cover:16:psi:0.01:nounif:dr,0.180538,3196,36,0.180538
3070,12,10,ips,learning_rate:1.0,cover:16:psi:1.0:ips,0.8045,2000,216,0.8045
78,10,4,dr,learning_rate:10.0,epsilon:0.05:dr,0.283784,148,18,0.283784
9639,6,26,ips,learning_rate:3.0,bag:8:greedify:ips,0.9512,20000,16,0.9512
3221,14,10,mtr,learning_rate:10.0,epsilon:0.1:mtr,0.876,2000,76,0.876
5413,18,10,ips,learning_rate:0.1,bag:2:greedify:ips,0.833,2000,6,0.833
1086,11,3,dr,learning_rate:0.3,epsilon:0.02:dr,0.152,625,4,0.152
4779,16,10,dr,learning_rate:0.03,cover:8:psi:0:nounif:dr,0.8285,2000,64,0.8285
5829,18,10,dr,learning_rate:10.0,cover:8:psi:0:nounif:dr,0.6885,2000,6,0.6885
2937,12,10,dr,learning_rate:3.0,cover:16:psi:0:nounif:dr,0.4335,2000,216,0.4335
6829,20,10,mtr,learning_rate:1.0,cover:4:psi:1.0:nounif:mtr,0.8335,2000,240,0.8335
3991,14,10,ips,learning_rate:0.1,cover:16:psi:0.01:ips,0.88,2000,76,0.88
5980,18,10,ips,learning_rate:0.1,cover:8:psi:1.0:nounif:ips,0.8535,2000,6,0.8535
3175,14,10,ips,learning_rate:0.01,epsilon:0.05:ips,0.879,2000,76,0.879
8621,3,2,dr,learning_rate:3.0,bag:16:greedify:dr,0.231852,3196,36,0.231852
6349,20,10,mtr,learning_rate:10.0,epsilon:0.1:mtr,0.654,2000,240,0.654
3891,14,10,dr,learning_rate:3.0,cover:8:psi:1.0:dr,0.885,2000,76,0.885
8568,3,2,ips,learning_rate:3.0,bag:4:greedify:ips,0.267522,3196,36,0.267522
3071,12,10,mtr,learning_rate:1.0,cover:16:psi:1.0:mtr,0.8225,2000,216,0.8225
2402,12,10,mtr,learning_rate:10.0,bag:16:greedify:mtr,0.568,2000,216,0.568
854,10,4,mtr,learning_rate:0.3,cover:16:psi:0:nounif:mtr,0.189189,148,18,0.189189
9320,3,2,dr,learning_rate:1.0,cover:16:psi:1.0:nounif:dr,0.225907,3196,36,0.225907
8050,21,4,mtr,learning_rate:0.3,cover:8:psi:1.0:mtr,0.318287,1728,6,0.318287
2693,12,10,mtr,learning_rate:1.0,cover:8:psi:0:mtr,0.78,2000,216,0.78
4577,16,10,mtr,learning_rate:3.0,cover:4:psi:0:nounif:mtr,0.8795,2000,64,0.8795
8351,3,2,dr,learning_rate:3.0,epsilon:0.02:dr,0.258448,3196,36,0.258448
4495,16,10,ips,learning_rate:3.0,cover:1:ips,0.8825,2000,64,0.8825
293,10,4,mtr,learning_rate:3.0,bag:8:greedify:mtr,0.195946,148,18,0.195946
6644,20,10,dr,learning_rate:10.0,cover:4:psi:0:dr,0.7925,2000,240,0.7925
4229,16,10,mtr,learning_rate:10.0,epsilon:0.05:mtr,0.8605,2000,64,0.8605
5507,18,10,mtr,learning_rate:10.0,bag:16:greedify:mtr,0.679,2000,6,0.679
11007,8,2,ips,learning_rate:0.003,cover:8:psi:0.1:nounif:ips,0.034783,345,6,0.034783
3610,14,10,ips,learning_rate:0.03,cover:4:psi:0.1:ips,0.8815,2000,76,0.8815
7940,21,4,dr,learning_rate:0.3,cover:8:psi:0.01:dr,0.196181,1728,6,0.196181
9473,6,26,dr,learning_rate:1.0,bag:2:dr,0.81865,20000,16,0.81865
10094,6,26,dr,learning_rate:1.0,cover:8:psi:1.0:nounif:dr,0.73565,20000,16,0.73565
9077,3,2,dr,learning_rate:1.0,cover:8:psi:1.0:dr,0.253755,3196,36,0.253755
6425,20,10,dr,learning_rate:3.0,bag:8:dr,0.7155,2000,240,0.7155
2206,12,10,ips,learning_rate:1.0,bag:2:ips,0.765,2000,216,0.765
2721,12,10,dr,learning_rate:3.0,cover:8:psi:0:nounif:dr,0.433,2000,216,0.433
2966,12,10,mtr,learning_rate:3.0,cover:16:psi:0.01:mtr,0.7595,2000,216,0.7595
3237,14,10,dr,learning_rate:0.3,bag:2:dr,0.854,2000,76,0.854
6508,20,10,mtr,learning_rate:3.0,bag:4:greedify:mtr,0.7515,2000,240,0.7515
11149,8,2,mtr,learning_rate:0.03,cover:16:psi:0.01:mtr,0.069565,345,6,0.069565
8456,3,2,dr,learning_rate:1.0,bag:4:dr,0.231852,3196,36,0.231852
1660,11,3,ips,learning_rate:3.0,cover:8:psi:0:ips,0.2368,625,4,0.2368
831,10,4,dr,learning_rate:3.0,cover:16:psi:0:dr,0.364865,148,18,0.364865
10824,8,2,ips,learning_rate:0.03,cover:4:psi:1.0:ips,0.144928,345,6,0.144928
6096,18,10,dr,learning_rate:3.0,cover:16:psi:0.01:nounif:dr,0.7085,2000,6,0.7085
6668,20,10,dr,learning_rate:3.0,cover:4:psi:0:nounif:dr,0.6605,2000,240,0.6605
2980,12,10,ips,learning_rate:0.03,cover:16:psi:0.01:nounif:ips,0.7055,2000,216,0.7055
2345,12,10,mtr,learning_rate:3.0,bag:4:greedify:mtr,0.6165,2000,216,0.6165
1947,11,3,dr,learning_rate:0.1,cover:16:psi:0.01:nounif:dr,0.1472,625,4,0.1472
5338,18,10,ips,learning_rate:1.0,bag:4:ips,0.861,2000,6,0.861
9918,6,26,ips,learning_rate:0.003,cover:8:psi:0:nounif:ips,0.94915,20000,16,0.94915
4884,16,10,dr,learning_rate:0.01,cover:8:psi:0.1:nounif:dr,0.8765,2000,64,0.8765
1390,11,3,ips,learning_rate:3.0,cover:1:ips,0.2368,625,4,0.2368
2368,12,10,ips,learning_rate:1.0,bag:8:greedify:ips,0.779,2000,216,0.779
6619,20,10,mtr,learning_rate:10.0,cover:1:nounif:mtr,0.6795,2000,240,0.6795
9398,6,26,dr,learning_rate:10.0,epsilon:0.02:dr,0.93315,20000,16,0.93315
3777,14,10,dr,learning_rate:0.3,cover:8:psi:0.01:dr,0.8825,2000,76,0.8825
5695,18,10,ips,learning_rate:10.0,cover:4:psi:0.1:ips,0.8415,2000,6,0.8415
9880,6,26,mtr,learning_rate:1.0,cover:4:psi:1.0:nounif:mtr,0.9225,20000,16,0.9225
4310,16,10,mtr,learning_rate:10.0,bag:4:mtr,0.8415,2000,64,0.8415
8429,3,2,dr,learning_rate:1.0,bag:2:dr,0.23592,3196,36,0.23592
7571,21,4,dr,learning_rate:10.0,bag:8:greedify:dr,0.103009,1728,6,0.103009
8923,3,2,mtr,learning_rate:10.0,cover:8:psi:0:mtr,0.268148,3196,36,0.268148
8535,3,2,ips,learning_rate:0.3,bag:2:greedify:ips,0.2403,3196,36,0.2403
5291,18,10,mtr,learning_rate:10.0,epsilon:0.1:mtr,0.6605,2000,6,0.6605
7564,21,4,mtr,learning_rate:0.3,bag:8:greedify:mtr,0.092593,1728,6,0.092593
3292,14,10,ips,learning_rate:0.3,bag:8:ips,0.8815,2000,76,0.8815
6964,20,10,mtr,learning_rate:1.0,cover:8:psi:0.1:mtr,0.8025,2000,240,0.8025
3425,14,10,mtr,learning_rate:0.1,bag:16:greedify:mtr,0.885,2000,76,0.885
10185,6,26,ips,learning_rate:0.001,cover:16:psi:0.01:nounif:ips,0.94625,20000,16,0.94625
7902,21,4,ips,learning_rate:0.003,cover:8:psi:0:nounif:ips,0.166667,1728,6,0.166667
958,10,4,ips,learning_rate:0.1,cover:16:psi:0.1:nounif:ips,0.277027,148,18,0.277027
1542,11,3,dr,learning_rate:0.1,cover:4:psi:0.1:dr,0.1792,625,4,0.1792
8020,21,4,mtr,learning_rate:0.1,cover:8:psi:0.1:nounif:mtr,0.272569,1728,6,0.272569
10038,6,26,ips,learning_rate:0.3,cover:8:psi:0.1:nounif:ips,0.9471,20000,16,0.9471
4671,16,10,dr,learning_rate:0.03,cover:4:psi:0.1:nounif:dr,0.85,2000,64,0.85
2532,12,10,dr,learning_rate:3.0,cover:4:psi:0.01:dr,0.714,2000,216,0.714
7913,21,4,dr,learning_rate:0.3,cover:8:psi:0:nounif:dr,0.097222,1728,6,0.097222
4272,16,10,dr,learning_rate:0.3,bag:2:dr,0.8525,2000,64,0.8525
5642,18,10,mtr,learning_rate:10.0,cover:4:psi:0.01:mtr,0.7995,2000,6,0.7995
8542,3,2,mtr,learning_rate:3.0,bag:2:greedify:mtr,0.226846,3196,36,0.226846
8324,3,2,dr,learning_rate:3.0,epsilon:0:dr,0.194618,3196,36,0.194618
11258,8,2,dr,learning_rate:0.1,cover:16:psi:1.0:dr,0.095652,345,6,0.095652
8706,3,2,ips,learning_rate:10.0,cover:4:psi:0:ips,0.253129,3196,36,0.253129
9589,6,26,mtr,learning_rate:10.0,bag:2:greedify:mtr,0.79275,20000,16,0.79275
6031,18,10,ips,learning_rate:0.03,cover:16:psi:0:nounif:ips,0.8155,2000,6,0.8155
5742,18,10,dr,learning_rate:1.0,cover:4:psi:1.0:dr,0.8115,2000,6,0.8115
9319,3,2,mtr,learning_rate:0.3,cover:16:psi:1.0:nounif:mtr,0.284731,3196,36,0.284731
1162,11,3,ips,learning_rate:0.03,bag:2:ips,0.2208,625,4,0.2208
9719,6,26,dr,learning_rate:3.0,cover:4:psi:0:nounif:dr,0.7717,20000,16,0.7717
6261,20,10,ips,learning_rate:1.0,epsilon:0:ips,0.795,2000,240,0.795
3319,14,10,ips,learning_rate:0.3,bag:16:ips,0.884,2000,76,0.884
5713,18,10,ips,learning_rate:0.3,cover:4:psi:0.1:nounif:ips,0.8345,2000,6,0.8345
230,10,4,mtr,learning_rate:0.1,bag:2:greedify:mtr,0.168919,148,18,0.168919
8382,3,2,ips,learning_rate:10.0,epsilon:0.05:ips,0.262829,3196,36,0.262829
10176,6,26,ips,learning_rate:1.0,cover:16:psi:0.01:ips,0.93815,20000,16,0.93815
8513,3,2,dr,learning_rate:3.0,bag:16:dr,0.230914,3196,36,0.230914
8483,3,2,dr,learning_rate:1.0,bag:8:dr,0.231539,3196,36,0.231539
897,10,4,dr,learning_rate:0.01,cover:16:psi:0.01:nounif:dr,0.189189,148,18,0.189189
8167,21,4,mtr,learning_rate:10.0,cover:16:psi:0.01:mtr,0.204861,1728,6,0.204861
10375,8,2,mtr,learning_rate:1.0,epsilon:0.02:mtr,0.037681,345,6,0.037681
5559,18,10,dr,learning_rate:10.0,cover:1:nounif:dr,0.79,2000,6,0.79
8886,3,2,ips,learning_rate:0.3,cover:4:psi:1.0:nounif:ips,0.312265,3196,36,0.312265
523,10,4,ips,learning_rate:0.03,cover:4:psi:0.1:nounif:ips,0.182432,148,18,0.182432
9104,3,2,dr,learning_rate:1.0,cover:8:psi:1.0:nounif:dr,0.229975,3196,36,0.229975
4652,16,10,mtr,learning_rate:0.3,cover:4:psi:0.1:mtr,0.8785,2000,64,0.8785
10852,8,2,mtr,learning_rate:0.03,cover:4:psi:1.0:nounif:mtr,0.171014,345,6,0.171014
6772,20,10,mtr,learning_rate:0.3,cover:4:psi:0.1:nounif:mtr,0.799,2000,240,0.799
11291,8,2,dr,learning_rate:1.0,cover:16:psi:1.0:nounif:dr,0.069565,345,6,0.069565
6966,20,10,ips,learning_rate:3.0,cover:8:psi:0.1:ips,0.7975,2000,240,0.7975
11207,8,2,dr,learning_rate:0.3,cover:16:psi:0.1:dr,0.078261,345,6,0.078261
5104,16,10,ips,learning_rate:0.03,cover:16:psi:0.1:nounif:ips,0.8805,2000,64,0.8805
8626,3,2,mtr,learning_rate:10.0,bag:16:greedify:mtr,0.23373,3196,36,0.23373
2708,12,10,mtr,learning_rate:0.01,cover:8:psi:0:nounif:mtr,0.725,2000,216,0.725
11205,8,2,ips,learning_rate:0.1,cover:16:psi:0.1:ips,0.098551,345,6,0.098551
8729,3,2,dr,learning_rate:3.0,cover:4:psi:0:nounif:dr,0.194618,3196,36,0.194618
3191,14,10,mtr,learning_rate:3.0,epsilon:0.05:mtr,0.859,2000,76,0.859
1488,11,3,dr,learning_rate:0.1,cover:4:psi:0.01:dr,0.1872,625,4,0.1872
6855,20,10,ips,learning_rate:1.0,cover:8:psi:0:ips,0.791,2000,240,0.791
4331,16,10,mtr,learning_rate:1.0,bag:8:mtr,0.869,2000,64,0.869
5561,18,10,mtr,learning_rate:10.0,cover:1:nounif:mtr,0.772,2000,6,0.772
1001,10,4,mtr,learning_rate:0.001,cover:16:psi:1.0:nounif:mtr,0.5,148,18,0.5
3268,14,10,ips,learning_rate:1.0,bag:4:ips,0.884,2000,76,0.884
3348,14,10,dr,learning_rate:1.0,bag:2:greedify:dr,0.844,2000,76,0.844
11148,8,2,ips,learning_rate:0.03,cover:16:psi:0.01:ips,0.069565,345,6,0.069565
3680,14,10,mtr,learning_rate:10.0,cover:4:psi:1.0:mtr,0.884,2000,76,0.884
1380,11,3,dr,learning_rate:0.1,cover:1:dr,0.1824,625,4,0.1824
10713,8,2,ips,learning_rate:0.01,cover:4:psi:0.01:ips,0.072464,345,6,0.072464
6879,20,10,ips,learning_rate:0.3,cover:8:psi:0:nounif:ips,0.784,2000,240,0.784
9031,3,2,mtr,learning_rate:10.0,cover:8:psi:0.1:mtr,0.276596,3196,36,0.276596
6295,20,10,mtr,learning_rate:10.0,epsilon:0.02:mtr,0.7065,2000,240,0.7065
10473,8,2,ips,learning_rate:0.03,bag:4:ips,0.049275,345,6,0.049275
8830,3,2,mtr,learning_rate:0.1,cover:4:psi:0.1:nounif:mtr,0.222153,3196,36,0.222153
2639,12,10,mtr,learning_rate:1.0,cover:4:psi:1.0:mtr,0.761,2000,216,0.761
2585,12,10,mtr,learning_rate:1.0,cover:4:psi:0.1:mtr,0.718,2000,216,0.718
1161,11,3,dr,learning_rate:0.03,bag:2:dr,0.1504,625,4,0.1504
7734,21,4,ips,learning_rate:10.0,cover:4:psi:0.01:ips,0.203704,1728,6,0.203704
8289,21,4,ips,learning_rate:0.1,cover:16:psi:1.0:nounif:ips,0.385417,1728,6,0.385417
1784,11,3,mtr,learning_rate:0.03,cover:8:psi:0.1:nounif:mtr,0.2512,625,4,0.2512
10575,8,2,ips,learning_rate:0.003,bag:4:greedify:ips,0.026087,345,6,0.026087
8427,3,2,ips,learning_rate:0.3,bag:2:ips,0.266583,3196,36,0.266583
793,10,4,ips,learning_rate:0.03,cover:8:psi:1.0:nounif:ips,0.466216,148,18,0.466216
8619,3,2,ips,learning_rate:1.0,bag:16:greedify:ips,0.298811,3196,36,0.298811
2632,12,10,ips,learning_rate:0.1,cover:4:psi:1.0:ips,0.8395,2000,216,0.8395
9749,6,26,dr,learning_rate:10.0,cover:4:psi:0.01:dr,0.92845,20000,16,0.92845
5257,18,10,ips,learning_rate:1.0,epsilon:0.05:ips,0.8655,2000,6,0.8655
7374,21,4,ips,learning_rate:0.3,epsilon:0.1:ips,0.236111,1728,6,0.236111
2504,12,10,mtr,learning_rate:1.0,cover:4:psi:0:nounif:mtr,0.685,2000,216,0.685
4777,16,10,ips,learning_rate:0.01,cover:8:psi:0:nounif:ips,0.881,2000,64,0.881
6174,18,10,dr,learning_rate:1.0,cover:16:psi:1.0:dr,0.797,2000,6,0.797
9139,3,2,mtr,learning_rate:10.0,cover:16:psi:0:mtr,0.241865,3196,36,0.241865
918,10,4,dr,learning_rate:0.001,cover:16:psi:0.1:dr,0.304054,148,18,0.304054
5143,16,10,ips,learning_rate:3.0,cover:16:psi:1.0:ips,0.8725,2000,64,0.8725
6197,18,10,mtr,learning_rate:0.1,cover:16:psi:1.0:nounif:mtr,0.8645,2000,6,0.8645
4290,16,10,dr,learning_rate:0.01,bag:4:dr,0.854,2000,64,0.854
5602,18,10,ips,learning_rate:0.1,cover:4:psi:0:nounif:ips,0.8265,2000,6,0.8265
9503,6,26,dr,learning_rate:3.0,bag:4:dr,0.80915,20000,16,0.80915
382,10,4,ips,learning_rate:0.003,cover:4:psi:0:ips,0.317568,148,18,0.317568
2148,12,10,dr,learning_rate:0.3,epsilon:0.05:dr,0.762,2000,216,0.762
2815,12,10,ips,learning_rate:0.01,cover:8:psi:0.1:nounif:ips,0.725,2000,216,0.725
4015,14,10,ips,learning_rate:0.03,cover:16:psi:0.01:nounif:ips,0.878,2000,76,0.878
5369,18,10,mtr,learning_rate:3.0,bag:8:mtr,0.612,2000,6,0.612
2061,11,3,dr,learning_rate:1.0,cover:16:psi:1.0:nounif:dr,0.1824,625,4,0.1824
3409,14,10,ips,learning_rate:10.0,bag:8:greedify:ips,0.8815,2000,76,0.8815
10895,8,2,dr,learning_rate:0.001,cover:8:psi:0:nounif:dr,0.014493,345,6,0.014493
2316,12,10,dr,learning_rate:3.0,bag:2:greedify:dr,0.5135,2000,216,0.5135
10510,8,2,mtr,learning_rate:1.0,bag:8:mtr,0.034783,345,6,0.034783
3905,14,10,mtr,learning_rate:0.01,cover:8:psi:1.0:nounif:mtr,0.892,2000,76,0.892
1254,11,3,dr,learning_rate:3.0,bag:16:dr,0.1648,625,4,0.1648
11227,8,2,mtr,learning_rate:0.01,cover:16:psi:0.1:nounif:mtr,0.037681,345,6,0.037681
2961,12,10,dr,learning_rate:1.0,cover:16:psi:0.01:dr,0.737,2000,216,0.737
7258,20,10,mtr,learning_rate:0.3,cover:16:psi:1.0:nounif:mtr,0.85,2000,240,0.85
1359,11,3,dr,learning_rate:1.0,bag:16:greedify:dr,0.144,625,4,0.144
4202,16,10,mtr,learning_rate:10.0,epsilon:0.02:mtr,0.8605,2000,64,0.8605
6874,20,10,mtr,learning_rate:0.03,cover:8:psi:0:nounif:mtr,0.795,2000,240,0.795
3429,14,10,dr,learning_rate:1.0,bag:16:greedify:dr,0.8645,2000,76,0.8645
9246,3,2,ips,learning_rate:10.0,cover:16:psi:0.1:ips,0.260951,3196,36,0.260951
5345,18,10,mtr,learning_rate:10.0,bag:4:mtr,0.6235,2000,6,0.6235
4897,16,10,ips,learning_rate:1.0,cover:8:psi:0.1:nounif:ips,0.865,2000,64,0.865
9925,6,26,mtr,learning_rate:0.03,cover:8:psi:0:nounif:mtr,0.94505,20000,16,0.94505
5588,18,10,mtr,learning_rate:10.0,cover:4:psi:0:mtr,0.81,2000,6,0.81
8355,3,2,ips,learning_rate:10.0,epsilon:0.02:ips,0.291927,3196,36,0.291927
5850,18,10,dr,learning_rate:1.0,cover:8:psi:0.01:dr,0.7615,2000,6,0.7615
10524,8,2,ips,learning_rate:0.01,bag:16:ips,0.072464,345,6,0.072464
8922,3,2,ips,learning_rate:10.0,cover:8:psi:0:ips,0.253129,3196,36,0.253129
4047,14,10,dr,learning_rate:0.3,cover:16:psi:0.1:dr,0.8835,2000,76,0.8835
5880,18,10,dr,learning_rate:3.0,cover:8:psi:0.01:nounif:dr,0.6725,2000,6,0.6725
4121,14,10,mtr,learning_rate:0.01,cover:16:psi:1.0:nounif:mtr,0.882,2000,76,0.882
6614,20,10,dr,learning_rate:3.0,cover:1:nounif:dr,0.6775,2000,240,0.6775
5803,18,10,ips,learning_rate:10.0,cover:8:psi:0:ips,0.859,2000,6,0.859
6085,18,10,ips,learning_rate:0.03,cover:16:psi:0.01:nounif:ips,0.8295,2000,6,0.8295
4765,16,10,ips,learning_rate:3.0,cover:8:psi:0:ips,0.8835,2000,64,0.8835
3093,12,10,dr,learning_rate:0.3,cover:16:psi:1.0:nounif:dr,0.5215,2000,216,0.5215
3694,14,10,ips,learning_rate:0.1,cover:4:psi:1.0:nounif:ips,0.881,2000,76,0.881
2375,12,10,mtr,learning_rate:10.0,bag:8:greedify:mtr,0.6265,2000,216,0.6265
9668,6,26,dr,learning_rate:10.0,bag:16:greedify:dr,0.78695,20000,16,0.78695
6612,20,10,ips,learning_rate:1.0,cover:1:nounif:ips,0.795,2000,240,0.795
1227,11,3,dr,learning_rate:3.0,bag:8:dr,0.1904,625,4,0.1904
1334,11,3,mtr,learning_rate:1.0,bag:8:greedify:mtr,0.1216,625,4,0.1216
182,10,4,mtr,learning_rate:1.0,bag:8:mtr,0.27027,148,18,0.27027
7800,21,4,ips,learning_rate:0.03,cover:4:psi:0.1:nounif:ips,0.208912,1728,6,0.208912
7629,21,4,ips,learning_rate:0.001,cover:1:nounif:ips,0.164352,1728,6,0.164352
8918,3,2,dr,learning_rate:3.0,cover:8:psi:0:dr,0.241239,3196,36,0.241239
10329,8,2,ips,learning_rate:0.001,epsilon:0:ips,0.011594,345,6,0.011594
10042,6,26,mtr,learning_rate:1.0,cover:8:psi:0.1:nounif:mtr,0.9489,20000,16,0.9489
6086,18,10,mtr,learning_rate:0.03,cover:16:psi:0.01:nounif:mtr,0.816,2000,6,0.816
5087,16,10,mtr,learning_rate:1.0,cover:16:psi:0.1:mtr,0.886,2000,64,0.886
4379,16,10,mtr,learning_rate:0.1,bag:2:greedify:mtr,0.8635,2000,64,0.8635
1680,11,3,dr,learning_rate:0.3,cover:8:psi:0:nounif:dr,0.1072,625,4,0.1072
8675,3,2,dr,learning_rate:3.0,cover:1:nounif:dr,0.194618,3196,36,0.194618
8515,3,2,mtr,learning_rate:3.0,bag:16:mtr,0.241865,3196,36,0.241865
4070,14,10,mtr,learning_rate:0.03,cover:16:psi:0.1:nounif:mtr,0.88,2000,76,0.88
3151,14,10,ips,learning_rate:0.03,epsilon:0.02:ips,0.893,2000,76,0.893
10597,8,2,mtr,learning_rate:10.0,bag:4:greedify:mtr,0.023188,345,6,0.023188
4642,16,10,ips,learning_rate:0.01,cover:4:psi:0.1:ips,0.8795,2000,64,0.8795
5477,18,10,mtr,learning_rate:3.0,bag:8:greedify:mtr,0.6675,2000,6,0.6675
10619,8,2,dr,learning_rate:3.0,bag:8:greedify:dr,0.031884,345,6,0.031884
1567,11,3,ips,learning_rate:0.03,cover:4:psi:0.1:nounif:ips,0.2224,625,4,0.2224
479,10,4,mtr,learning_rate:1.0,cover:4:psi:0.01:nounif:mtr,0.209459,148,18,0.209459
9049,3,2,mtr,learning_rate:0.3,cover:8:psi:0.1:nounif:mtr,0.211827,3196,36,0.211827
5906,18,10,mtr,learning_rate:1.0,cover:8:psi:0.1:mtr,0.8375,2000,6,0.8375
2911,12,10,ips,learning_rate:3.0,cover:16:psi:0:ips,0.8055,2000,216,0.8055
4348,16,10,ips,learning_rate:0.03,bag:16:ips,0.89,2000,64,0.89
6912,20,10,ips,learning_rate:3.0,cover:8:psi:0.01:ips,0.766,2000,240,0.766
5691,18,10,dr,learning_rate:3.0,cover:4:psi:0.1:dr,0.7855,2000,6,0.7855
6450,20,10,ips,learning_rate:1.0,bag:16:ips,0.824,2000,240,0.824
957,10,4,dr,learning_rate:0.1,cover:16:psi:0.1:nounif:dr,0.148649,148,18,0.148649
8210,21,4,dr,learning_rate:0.3,cover:16:psi:0.1:dr,0.194444,1728,6,0.194444
6992,20,10,dr,learning_rate:3.0,cover:8:psi:0.1:nounif:dr,0.6315,2000,240,0.6315
10884,8,2,ips,learning_rate:0.3,cover:8:psi:0:ips,0.098551,345,6,0.098551
7557,21,4,ips,learning_rate:0.03,bag:8:greedify:ips,0.163773,1728,6,0.163773
7181,20,10,dr,learning_rate:3.0,cover:16:psi:0.1:dr,0.7605,2000,240,0.7605
580,10,4,ips,learning_rate:0.1,cover:4:psi:1.0:nounif:ips,0.540541,148,18,0.540541
2262,12,10,dr,learning_rate:3.0,bag:8:dr,0.566,2000,216,0.566
5359,18,10,ips,learning_rate:0.1,bag:8:ips,0.8495,2000,6,0.8495
4355,16,10,mtr,learning_rate:0.3,bag:16:mtr,0.845,2000,64,0.845
3702,14,10,dr,learning_rate:3.0,cover:4:psi:1.0:nounif:dr,0.883,2000,76,0.883
4549,16,10,ips,learning_rate:3.0,cover:4:psi:0:ips,0.887,2000,64,0.887
9560,6,26,dr,learning_rate:10.0,bag:16:dr,0.82575,20000,16,0.82575
10330,8,2,mtr,learning_rate:0.001,epsilon:0:mtr,0.02029,345,6,0.02029
871,10,4,ips,learning_rate:0.01,cover:16:psi:0.01:ips,0.385135,148,18,0.385135
11223,8,2,ips,learning_rate:0.003,cover:16:psi:0.1:nounif:ips,0.031884,345,6,0.031884
10567,8,2,mtr,learning_rate:3.0,bag:2:greedify:mtr,0.031884,345,6,0.031884
7140,20,10,ips,learning_rate:0.01,cover:16:psi:0.01:nounif:ips,0.8,2000,240,0.8
8220,21,4,ips,learning_rate:10.0,cover:16:psi:0.1:ips,0.237847,1728,6,0.237847
2451,12,10,dr,learning_rate:3.0,cover:1:nounif:dr,0.579,2000,216,0.579
10666,8,2,mtr,learning_rate:0.1,cover:4:psi:0:mtr,0.092754,345,6,0.092754
5714,18,10,mtr,learning_rate:0.3,cover:4:psi:0.1:nounif:mtr,0.8245,2000,6,0.8245
7996,21,4,mtr,learning_rate:0.3,cover:8:psi:0.1:mtr,0.21875,1728,6,0.21875
4974,16,10,dr,learning_rate:0.3,cover:16:psi:0:dr,0.8875,2000,64,0.8875
2105,12,10,mtr,learning_rate:10.0,epsilon:0:mtr,0.5895,2000,216,0.5895
5749,18,10,ips,learning_rate:10.0,cover:4:psi:1.0:ips,0.8375,2000,6,0.8375
212,10,4,mtr,learning_rate:3.0,bag:16:mtr,0.175676,148,18,0.175676
1977,11,3,dr,learning_rate:0.3,cover:16:psi:0.1:dr,0.168,625,4,0.168
9134,3,2,dr,learning_rate:3.0,cover:16:psi:0:dr,0.241239,3196,36,0.241239
10828,8,2,mtr,learning_rate:0.1,cover:4:psi:1.0:mtr,0.142029,345,6,0.142029
4016,14,10,mtr,learning_rate:0.03,cover:16:psi:0.01:nounif:mtr,0.883,2000,76,0.883
11075,8,2,dr,learning_rate:1.0,cover:8:psi:1.0:nounif:dr,0.063768,345,6,0.063768
10180,6,26,mtr,learning_rate:3.0,cover:16:psi:0.01:mtr,0.93715,20000,16,0.93715
8129,21,4,dr,learning_rate:0.3,cover:16:psi:0:nounif:dr,0.097222,1728,6,0.097222
1732,11,3,ips,learning_rate:0.1,cover:8:psi:0.01:nounif:ips,0.1968,625,4,0.1968
9816,6,26,ips,learning_rate:0.03,cover:4:psi:0.1:nounif:ips,0.946,20000,16,0.946
11206,8,2,mtr,learning_rate:0.1,cover:16:psi:0.1:mtr,0.098551,345,6,0.098551
3371,14,10,mtr,learning_rate:0.1,bag:4:greedify:mtr,0.857,2000,76,0.857
8112,21,4,ips,learning_rate:10.0,cover:16:psi:0:ips,0.207755,1728,6,0.207755
1979,11,3,mtr,learning_rate:0.3,cover:16:psi:0.1:mtr,0.272,625,4,0.272
5262,18,10,dr,learning_rate:10.0,epsilon:0.05:dr,0.8645,2000,6,0.8645
6666,20,10,ips,learning_rate:1.0,cover:4:psi:0:nounif:ips,0.793,2000,240,0.793
2346,12,10,dr,learning_rate:10.0,bag:4:greedify:dr,0.538,2000,216,0.538
31,10,4,ips,learning_rate:0.003,epsilon:0.02:ips,0.141892,148,18,0.141892
4107,14,10,dr,learning_rate:3.0,cover:16:psi:1.0:dr,0.8855,2000,76,0.8855
7354,21,4,mtr,learning_rate:3.0,epsilon:0.05:mtr,0.144097,1728,6,0.144097
6373,20,10,mtr,learning_rate:3.0,bag:2:mtr,0.753,2000,240,0.753
2874,12,10,dr,learning_rate:0.1,cover:8:psi:1.0:nounif:dr,0.501,2000,216,0.501
9859,6,26,mtr,learning_rate:10.0,cover:4:psi:1.0:mtr,0.8973,20000,16,0.8973
1277,11,3,mtr,learning_rate:0.3,bag:2:greedify:mtr,0.1104,625,4,0.1104
4872,16,10,dr,learning_rate:3.0,cover:8:psi:0.1:dr,0.889,2000,64,0.889
7751,21,4,dr,learning_rate:0.3,cover:4:psi:0.01:nounif:dr,0.097801,1728,6,0.097801
2545,12,10,ips,learning_rate:0.01,cover:4:psi:0.01:nounif:ips,0.694,2000,216,0.694
1670,11,3,mtr,learning_rate:0.003,cover:8:psi:0:nounif:mtr,0.168,625,4,0.168
548,10,4,mtr,learning_rate:0.01,cover:4:psi:1.0:mtr,0.554054,148,18,0.554054
9670,6,26,mtr,learning_rate:10.0,bag:16:greedify:mtr,0.7702,20000,16,0.7702
4368,16,10,dr,learning_rate:0.003,bag:2:greedify:dr,0.872,2000,64,0.872
3123,14,10,dr,learning_rate:0.03,epsilon:0:dr,0.852,2000,76,0.852
6398,20,10,dr,learning_rate:3.0,bag:4:dr,0.747,2000,240,0.747
1186,11,3,ips,learning_rate:0.01,bag:4:ips,0.216,625,4,0.216
3017,12,10,mtr,learning_rate:1.0,cover:16:psi:0.1:mtr,0.7605,2000,216,0.7605
112,10,4,ips,learning_rate:0.003,bag:2:ips,0.141892,148,18,0.141892
9399,6,26,ips,learning_rate:10.0,epsilon:0.02:ips,0.9463,20000,16,0.9463
7829,21,4,dr,learning_rate:0.1,cover:4:psi:1.0:dr,0.22338,1728,6,0.22338
512,10,4,mtr,learning_rate:10.0,cover:4:psi:0.1:mtr,0.439189,148,18,0.439189
5911,18,10,ips,learning_rate:10.0,cover:8:psi:0.1:ips,0.8375,2000,6,0.8375
4318,16,10,ips,learning_rate:0.01,bag:8:ips,0.8885,2000,64,0.8885
10679,8,2,dr,learning_rate:0.001,cover:4:psi:0:nounif:dr,0.014493,345,6,0.014493
9909,6,26,ips,learning_rate:3.0,cover:8:psi:0:ips,0.9405,20000,16,0.9405
7426,21,4,mtr,learning_rate:0.1,bag:4:mtr,0.104745,1728,6,0.104745
7330,21,4,mtr,learning_rate:10.0,epsilon:0.02:mtr,0.116319,1728,6,0.116319
4715,16,10,mtr,learning_rate:10.0,cover:4:psi:1.0:mtr,0.8855,2000,64,0.8855
8380,3,2,mtr,learning_rate:3.0,epsilon:0.05:mtr,0.203379,3196,36,0.203379
6479,20,10,dr,learning_rate:3.0,bag:2:greedify:dr,0.681,2000,240,0.681
3381,14,10,dr,learning_rate:10.0,bag:4:greedify:dr,0.8885,2000,76,0.8885
2477,12,10,mtr,learning_rate:1.0,cover:4:psi:0:mtr,0.7035,2000,216,0.7035
5984,18,10,mtr,learning_rate:0.3,cover:8:psi:1.0:nounif:mtr,0.8435,2000,6,0.8435
2819,12,10,mtr,learning_rate:0.03,cover:8:psi:0.1:nounif:mtr,0.741,2000,216,0.741
2663,12,10,mtr,learning_rate:0.3,cover:4:psi:1.0:nounif:mtr,0.7955,2000,216,0.7955
4764,16,10,dr,learning_rate:3.0,cover:8:psi:0:dr,0.885,2000,64,0.885
8760,3,2,ips,learning_rate:10.0,cover:4:psi:0.01:ips,0.267835,3196,36,0.267835
1544,11,3,mtr,learning_rate:0.1,cover:4:psi:0.1:mtr,0.256,625,4,0.256
3741,14,10,dr,learning_rate:0.01,cover:8:psi:0:nounif:dr,0.8705,2000,76,0.8705
1302,11,3,dr,learning_rate:0.3,bag:4:greedify:dr,0.128,625,4,0.128
9204,3,2,ips,learning_rate:0.03,cover:16:psi:0.01:nounif:ips,0.178974,3196,36,0.178974
1942,11,3,ips,learning_rate:0.01,cover:16:psi:0.01:nounif:ips,0.2096,625,4,0.2096
9371,6,26,dr,learning_rate:10.0,epsilon:0:dr,0.72835,20000,16,0.72835
6137,18,10,mtr,learning_rate:0.01,cover:16:psi:0.1:nounif:mtr,0.8195,2000,6,0.8195
6762,20,10,ips,learning_rate:0.01,cover:4:psi:0.1:nounif:ips,0.808,2000,240,0.808
655,10,4,ips,learning_rate:0.01,cover:8:psi:0.01:ips,0.371622,148,18,0.371622
85,10,4,ips,learning_rate:0.003,epsilon:0.1:ips,0.256757,148,18,0.256757
7476,21,4,ips,learning_rate:0.03,bag:16:ips,0.195023,1728,6,0.195023
6938,20,10,dr,learning_rate:3.0,cover:8:psi:0.01:nounif:dr,0.673,2000,240,0.673
11259,8,2,ips,learning_rate:0.1,cover:16:psi:1.0:ips,0.13913,345,6,0.13913
4933,16,10,ips,learning_rate:0.001,cover:8:psi:1.0:nounif:ips,0.8865,2000,64,0.8865
10286,6,26,dr,learning_rate:3.0,cover:16:psi:1.0:dr,0.92615,20000,16,0.92615
7743,21,4,ips,learning_rate:0.01,cover:4:psi:0.01:nounif:ips,0.168403,1728,6,0.168403
1246,11,3,ips,learning_rate:0.1,bag:16:ips,0.2672,625,4,0.2672
2602,12,10,ips,learning_rate:0.03,cover:4:psi:0.1:nounif:ips,0.717,2000,216,0.717
229,10,4,ips,learning_rate:0.1,bag:2:greedify:ips,0.243243,148,18,0.243243
6585,20,10,ips,learning_rate:1.0,cover:1:ips,0.791,2000,240,0.791
5130,16,10,dr,learning_rate:0.03,cover:16:psi:1.0:dr,0.893,2000,64,0.893
6746,20,10,dr,learning_rate:1.0,cover:4:psi:0.1:dr,0.757,2000,240,0.757
9855,6,26,ips,learning_rate:3.0,cover:4:psi:1.0:ips,0.9351,20000,16,0.9351
4930,16,10,ips,learning_rate:10.0,cover:8:psi:1.0:ips,0.884,2000,64,0.884
6779,20,10,dr,learning_rate:10.0,cover:4:psi:0.1:nounif:dr,0.654,2000,240,0.654
8514,3,2,ips,learning_rate:3.0,bag:16:ips,0.296308,3196,36,0.296308
4995,16,10,dr,learning_rate:0.03,cover:16:psi:0:nounif:dr,0.822,2000,64,0.822
10565,8,2,dr,learning_rate:3.0,bag:2:greedify:dr,0.028986,345,6,0.028986
979,10,4,ips,learning_rate:0.01,cover:16:psi:1.0:ips,0.398649,148,18,0.398649
2962,12,10,ips,learning_rate:1.0,cover:16:psi:0.01:ips,0.808,2000,216,0.808
6802,20,10,mtr,learning_rate:1.0,cover:4:psi:1.0:mtr,0.802,2000,240,0.802
9693,6,26,ips,learning_rate:3.0,cover:4:psi:0:ips,0.9398,20000,16,0.9398
9261,3,2,ips,learning_rate:0.1,cover:16:psi:0.1:nounif:ips,0.193054,3196,36,0.193054
10020,6,26,ips,learning_rate:10.0,cover:8:psi:0.1:ips,0.9321,20000,16,0.9321
158,10,4,mtr,learning_rate:3.0,bag:4:mtr,0.101351,148,18,0.101351
7830,21,4,ips,learning_rate:0.1,cover:4:psi:1.0:ips,0.321181,1728,6,0.321181
9297,3,2,ips,learning_rate:3.0,cover:16:psi:1.0:ips,0.271902,3196,36,0.271902
5100,16,10,dr,learning_rate:0.01,cover:16:psi:0.1:nounif:dr,0.8855,2000,64,0.8855
1059,11,3,dr,learning_rate:0.3,epsilon:0:dr,0.1072,625,4,0.1072
8166,21,4,ips,learning_rate:10.0,cover:16:psi:0.01:ips,0.204282,1728,6,0.204282
10739,8,2,dr,learning_rate:0.01,cover:4:psi:0.01:nounif:dr,0.011594,345,6,0.011594
6934,20,10,mtr,learning_rate:0.3,cover:8:psi:0.01:nounif:mtr,0.809,2000,240,0.809
3673,14,10,ips,learning_rate:1.0,cover:4:psi:1.0:ips,0.8855,2000,76,0.8855
4402,16,10,ips,learning_rate:0.03,bag:4:greedify:ips,0.881,2000,64,0.881
3793,14,10,ips,learning_rate:0.003,cover:8:psi:0.01:nounif:ips,0.8805,2000,76,0.8805
6696,20,10,ips,learning_rate:3.0,cover:4:psi:0.01:ips,0.7725,2000,240,0.7725
10287,6,26,ips,learning_rate:3.0,cover:16:psi:1.0:ips,0.93135,20000,16,0.93135
9762,6,26,ips,learning_rate:0.03,cover:4:psi:0.01:nounif:ips,0.94645,20000,16,0.94645
1672,11,3,ips,learning_rate:0.01,cover:8:psi:0:nounif:ips,0.1184,625,4,0.1184
6962,20,10,dr,learning_rate:1.0,cover:8:psi:0.1:dr,0.766,2000,240,0.766
9161,3,2,dr,learning_rate:3.0,cover:16:psi:0:nounif:dr,0.194618,3196,36,0.194618
11018,8,2,dr,learning_rate:0.3,cover:8:psi:0.1:nounif:dr,0.011594,345,6,0.011594
6538,20,10,mtr,learning_rate:10.0,bag:8:greedify:mtr,0.773,2000,240,0.773
6562,20,10,mtr,learning_rate:3.0,bag:16:greedify:mtr,0.7525,2000,240,0.7525
2844,12,10,dr,learning_rate:0.03,cover:8:psi:1.0:dr,0.6705,2000,216,0.6705
4271,16,10,mtr,learning_rate:0.1,bag:2:mtr,0.844,2000,64,0.844
6560,20,10,dr,learning_rate:3.0,bag:16:greedify:dr,0.7015,2000,240,0.7015
2155,12,10,ips,learning_rate:3.0,epsilon:0.05:ips,0.81,2000,216,0.81
6750,20,10,ips,learning_rate:3.0,cover:4:psi:0.1:ips,0.7925,2000,240,0.7925
2876,12,10,mtr,learning_rate:0.1,cover:8:psi:1.0:nounif:mtr,0.831,2000,216,0.831
4763,16,10,mtr,learning_rate:1.0,cover:8:psi:0:mtr,0.888,2000,64,0.888
10151,6,26,dr,learning_rate:3.0,cover:16:psi:0:nounif:dr,0.7991,20000,16,0.7991
10668,8,2,ips,learning_rate:0.3,cover:4:psi:0:ips,0.098551,345,6,0.098551
3300,14,10,dr,learning_rate:10.0,bag:8:dr,0.861,2000,76,0.861
4069,14,10,ips,learning_rate:0.03,cover:16:psi:0.1:nounif:ips,0.882,2000,76,0.882
4254,16,10,dr,learning_rate:10.0,epsilon:0.1:dr,0.8855,2000,64,0.8855
6396,20,10,ips,learning_rate:1.0,bag:4:ips,0.8165,2000,240,0.8165
8075,21,4,dr,learning_rate:0.3,cover:8:psi:1.0:nounif:dr,0.131366,1728,6,0.131366
11100,8,2,ips,learning_rate:0.3,cover:16:psi:0:ips,0.098551,345,6,0.098551
7673,21,4,dr,learning_rate:1.0,cover:4:psi:0:dr,0.219907,1728,6,0.219907
3159,14,10,dr,learning_rate:1.0,epsilon:0.02:dr,0.876,2000,76,0.876
4158,16,10,dr,learning_rate:0.03,epsilon:0:dr,0.8245,2000,64,0.8245
1457,11,3,mtr,learning_rate:0.01,cover:4:psi:0:nounif:mtr,0.192,625,4,0.192
8996,3,2,dr,learning_rate:1.0,cover:8:psi:0.01:nounif:dr,0.175532,3196,36,0.175532
3626,14,10,mtr,learning_rate:10.0,cover:4:psi:0.1:mtr,0.879,2000,76,0.879
8284,21,4,mtr,learning_rate:0.01,cover:16:psi:1.0:nounif:mtr,0.399884,1728,6,0.399884
2054,11,3,mtr,learning_rate:0.03,cover:16:psi:1.0:nounif:mtr,0.368,625,4,0.368
2031,11,3,dr,learning_rate:0.3,cover:16:psi:1.0:dr,0.2176,625,4,0.2176
3910,14,10,ips,learning_rate:0.1,cover:8:psi:1.0:nounif:ips,0.879,2000,76,0.879
6884,20,10,dr,learning_rate:3.0,cover:8:psi:0:nounif:dr,0.659,2000,240,0.659
3344,14,10,mtr,learning_rate:0.1,bag:2:greedify:mtr,0.853,2000,76,0.853
8016,21,4,ips,learning_rate:0.03,cover:8:psi:0.1:nounif:ips,0.206597,1728,6,0.206597
10483,8,2,mtr,learning_rate:1.0,bag:4:mtr,0.04058,345,6,0.04058
7778,21,4,dr,learning_rate:0.3,cover:4:psi:0.1:dr,0.181134,1728,6,0.181134
7259,20,10,dr,learning_rate:1.0,cover:16:psi:1.0:nounif:dr,0.6685,2000,240,0.6685
4462,16,10,ips,learning_rate:0.3,bag:16:greedify:ips,0.878,2000,64,0.878
4514,16,10,mtr,learning_rate:0.1,cover:1:nounif:mtr,0.828,2000,64,0.828
8769,3,2,ips,learning_rate:0.01,cover:4:psi:0.01:nounif:ips,0.169274,3196,36,0.169274
10447,8,2,mtr,learning_rate:0.03,bag:2:mtr,0.043478,345,6,0.043478
8263,21,4,mtr,learning_rate:0.1,cover:16:psi:1.0:mtr,0.32581,1728,6,0.32581
181,10,4,ips,learning_rate:1.0,bag:8:ips,0.378378,148,18,0.378378
1357,11,3,ips,learning_rate:0.3,bag:16:greedify:ips,0.256,625,4,0.256
5597,18,10,mtr,learning_rate:0.01,cover:4:psi:0:nounif:mtr,0.812,2000,6,0.812
3837,14,10,dr,learning_rate:3.0,cover:8:psi:0.1:dr,0.8855,2000,76,0.8855
4682,16,10,mtr,learning_rate:1.0,cover:4:psi:0.1:nounif:mtr,0.8675,2000,64,0.8675
4191,16,10,dr,learning_rate:0.3,epsilon:0.02:dr,0.881,2000,64,0.881
10303,6,26,mtr,learning_rate:0.03,cover:16:psi:1.0:nounif:mtr,0.9534,20000,16,0.9534
1598,11,3,mtr,learning_rate:0.1,cover:4:psi:1.0:mtr,0.3072,625,4,0.3072
10291,6,26,mtr,learning_rate:10.0,cover:16:psi:1.0:mtr,0.9392,20000,16,0.9392
10560,8,2,ips,learning_rate:0.3,bag:2:greedify:ips,0.031884,345,6,0.031884
2267,12,10,mtr,learning_rate:10.0,bag:8:mtr,0.572,2000,216,0.572
632,10,4,mtr,learning_rate:0.03,cover:8:psi:0:nounif:mtr,0.189189,148,18,0.189189
9800,6,26,dr,learning_rate:3.0,cover:4:psi:0.1:dr,0.9284,20000,16,0.9284
3721,14,10,ips,learning_rate:0.1,cover:8:psi:0:ips,0.8755,2000,76,0.8755
3578,14,10,mtr,learning_rate:0.003,cover:4:psi:0.01:nounif:mtr,0.8835,2000,76,0.8835
9721,6,26,mtr,learning_rate:3.0,cover:4:psi:0:nounif:mtr,0.92135,20000,16,0.92135
1946,11,3,mtr,learning_rate:0.03,cover:16:psi:0.01:nounif:mtr,0.2368,625,4,0.2368
5583,18,10,dr,learning_rate:3.0,cover:4:psi:0:dr,0.8185,2000,6,0.8185
2176,12,10,ips,learning_rate:0.3,epsilon:0.1:ips,0.8125,2000,216,0.8125
2056,11,3,ips,learning_rate:0.1,cover:16:psi:1.0:nounif:ips,0.3776,625,4,0.3776
4781,16,10,mtr,learning_rate:0.03,cover:8:psi:0:nounif:mtr,0.876,2000,64,0.876
1121,11,3,mtr,learning_rate:3.0,epsilon:0.05:mtr,0.1744,625,4,0.1744
4168,16,10,ips,learning_rate:1.0,epsilon:0:ips,0.8805,2000,64,0.8805
9103,3,2,mtr,learning_rate:0.3,cover:8:psi:1.0:nounif:mtr,0.292866,3196,36,0.292866
10879,8,2,mtr,learning_rate:0.03,cover:8:psi:0:mtr,0.084058,345,6,0.084058
2854,12,10,ips,learning_rate:1.0,cover:8:psi:1.0:ips,0.8055,2000,216,0.8055
7084,20,10,mtr,learning_rate:0.003,cover:16:psi:0:nounif:mtr,0.8005,2000,240,0.8005
4100,14,10,mtr,learning_rate:0.1,cover:16:psi:1.0:mtr,0.887,2000,76,0.887
7095,20,10,ips,learning_rate:0.3,cover:16:psi:0:nounif:ips,0.78,2000,240,0.78
769,10,4,ips,learning_rate:0.1,cover:8:psi:1.0:ips,0.425676,148,18,0.425676
4550,16,10,mtr,learning_rate:3.0,cover:4:psi:0:mtr,0.8785,2000,64,0.8785
5088,16,10,dr,learning_rate:3.0,cover:16:psi:0.1:dr,0.891,2000,64,0.891
3089,12,10,mtr,learning_rate:0.03,cover:16:psi:1.0:nounif:mtr,0.8145,2000,216,0.8145
800,10,4,mtr,learning_rate:0.3,cover:8:psi:1.0:nounif:mtr,0.527027,148,18,0.527027
8294,21,4,dr,learning_rate:1.0,cover:16:psi:1.0:nounif:dr,0.137153,1728,6,0.137153
1930,11,3,ips,learning_rate:3.0,cover:16:psi:0.01:ips,0.2288,625,4,0.2288
213,10,4,dr,learning_rate:10.0,bag:16:dr,0.222973,148,18,0.222973
1837,11,3,ips,learning_rate:0.03,cover:8:psi:1.0:nounif:ips,0.384,625,4,0.384
9373,6,26,mtr,learning_rate:10.0,epsilon:0:mtr,0.79075,20000,16,0.79075
7896,21,4,ips,learning_rate:10.0,cover:8:psi:0:ips,0.207755,1728,6,0.207755
276,10,4,dr,learning_rate:0.01,bag:8:greedify:dr,0.378378,148,18,0.378378
9975,6,26,ips,learning_rate:0.01,cover:8:psi:0.01:nounif:ips,0.94645,20000,16,0.94645
7310,21,4,dr,learning_rate:0.01,epsilon:0.02:dr,0.148727,1728,6,0.148727
7124,20,10,dr,learning_rate:1.0,cover:16:psi:0.01:dr,0.771,2000,240,0.771
2694,12,10,dr,learning_rate:3.0,cover:8:psi:0:dr,0.702,2000,216,0.702
5188,18,10,ips,learning_rate:0.003,epsilon:0:ips,0.8185,2000,6,0.8185
1134,11,3,dr,learning_rate:0.03,epsilon:0.1:dr,0.1904,625,4,0.1904
9992,6,26,dr,learning_rate:10.0,cover:8:psi:0.01:nounif:dr,0.77335,20000,16,0.77335
11166,8,2,ips,learning_rate:0.001,cover:16:psi:0.01:nounif:ips,0.014493,345,6,0.014493
8931,3,2,ips,learning_rate:0.01,cover:8:psi:0:nounif:ips,0.1699,3196,36,0.1699
9026,3,2,dr,learning_rate:3.0,cover:8:psi:0.1:dr,0.232791,3196,36,0.232791
10930,8,2,mtr,learning_rate:0.01,cover:8:psi:0.01:mtr,0.072464,345,6,0.072464
8650,3,2,mtr,learning_rate:3.0,cover:1:mtr,0.194305,3196,36,0.194305
6429,20,10,ips,learning_rate:10.0,bag:8:ips,0.8045,2000,240,0.8045
122,10,4,mtr,learning_rate:0.1,bag:2:mtr,0.378378,148,18,0.378378
1625,11,3,mtr,learning_rate:0.1,cover:4:psi:1.0:nounif:mtr,0.448,625,4,0.448
3224,14,10,mtr,learning_rate:0.001,bag:2:mtr,0.886,2000,76,0.886
7138,20,10,mtr,learning_rate:0.003,cover:16:psi:0.01:nounif:mtr,0.805,2000,240,0.805
3501,14,10,dr,learning_rate:0.03,cover:4:psi:0:dr,0.885,2000,76,0.885
1763,11,3,mtr,learning_rate:0.3,cover:8:psi:0.1:mtr,0.2656,625,4,0.2656
2370,12,10,dr,learning_rate:3.0,bag:8:greedify:dr,0.562,2000,216,0.562
1931,11,3,mtr,learning_rate:3.0,cover:16:psi:0.01:mtr,0.2496,625,4,0.2496
3410,14,10,mtr,learning_rate:10.0,bag:8:greedify:mtr,0.8875,2000,76,0.8875
5965,18,10,ips,learning_rate:10.0,cover:8:psi:1.0:ips,0.835,2000,6,0.835
7126,20,10,mtr,learning_rate:1.0,cover:16:psi:0.01:mtr,0.794,2000,240,0.794
6536,20,10,dr,learning_rate:10.0,bag:8:greedify:dr,0.7325,2000,240,0.7325
817,10,4,ips,learning_rate:0.01,cover:16:psi:0:ips,0.391892,148,18,0.391892
821,10,4,mtr,learning_rate:0.03,cover:16:psi:0:mtr,0.25,148,18,0.25
4920,16,10,dr,learning_rate:0.3,cover:8:psi:1.0:dr,0.8905,2000,64,0.8905
3451,14,10,ips,learning_rate:0.1,cover:1:ips,0.8815,2000,76,0.8815
7857,21,4,ips,learning_rate:0.1,cover:4:psi:1.0:nounif:ips,0.499421,1728,6,0.499421
3810,14,10,dr,learning_rate:3.0,cover:8:psi:0.01:nounif:dr,0.8675,2000,76,0.8675
10954,8,2,mtr,learning_rate:0.003,cover:8:psi:0.01:nounif:mtr,0.017391,345,6,0.017391
2907,12,10,dr,learning_rate:1.0,cover:16:psi:0:dr,0.7025,2000,216,0.7025
3646,14,10,ips,learning_rate:1.0,cover:4:psi:0.1:nounif:ips,0.873,2000,76,0.873
3060,12,10,dr,learning_rate:0.03,cover:16:psi:1.0:dr,0.703,2000,216,0.703
7681,21,4,mtr,learning_rate:10.0,cover:4:psi:0:mtr,0.181134,1728,6,0.181134
9423,6,26,ips,learning_rate:3.0,epsilon:0.05:ips,0.94605,20000,16,0.94605
8814,3,2,ips,learning_rate:10.0,cover:4:psi:0.1:ips,0.259074,3196,36,0.259074
3815,14,10,mtr,learning_rate:10.0,cover:8:psi:0.01:nounif:mtr,0.883,2000,76,0.883
10095,6,26,ips,learning_rate:1.0,cover:8:psi:1.0:nounif:ips,0.9523,20000,16,0.9523
6371,20,10,dr,learning_rate:3.0,bag:2:dr,0.7015,2000,240,0.7015
5264,18,10,mtr,learning_rate:10.0,epsilon:0.05:mtr,0.704,2000,6,0.704
237,10,4,dr,learning_rate:3.0,bag:2:greedify:dr,0.162162,148,18,0.162162
10717,8,2,mtr,learning_rate:0.03,cover:4:psi:0.01:mtr,0.081159,345,6,0.081159
10437,8,2,ips,learning_rate:0.001,bag:2:ips,0.028986,345,6,0.028986
4737,16,10,dr,learning_rate:3.0,cover:4:psi:1.0:nounif:dr,0.857,2000,64,0.857
7957,21,4,mtr,learning_rate:0.003,cover:8:psi:0.01:nounif:mtr,0.229167,1728,6,0.229167
9427,6,26,mtr,learning_rate:10.0,epsilon:0.05:mtr,0.78915,20000,16,0.78915
7948,21,4,mtr,learning_rate:3.0,cover:8:psi:0.01:mtr,0.216435,1728,6,0.216435
3481,14,10,ips,learning_rate:0.3,cover:1:nounif:ips,0.882,2000,76,0.882
9211,3,2,mtr,learning_rate:0.3,cover:16:psi:0.01:nounif:mtr,0.197747,3196,36,0.197747
9801,6,26,ips,learning_rate:3.0,cover:4:psi:0.1:ips,0.9283,20000,16,0.9283
1091,11,3,mtr,learning_rate:1.0,epsilon:0.02:mtr,0.16,625,4,0.16
6484,20,10,mtr,learning_rate:10.0,bag:2:greedify:mtr,0.728,2000,240,0.728
3031,12,10,ips,learning_rate:0.01,cover:16:psi:0.1:nounif:ips,0.6885,2000,216,0.6885
605,10,4,mtr,learning_rate:0.03,cover:8:psi:0:mtr,0.290541,148,18,0.290541
5613,18,10,dr,learning_rate:10.0,cover:4:psi:0:nounif:dr,0.724,2000,6,0.724
8074,21,4,mtr,learning_rate:0.1,cover:8:psi:1.0:nounif:mtr,0.396412,1728,6,0.396412
10178,6,26,dr,learning_rate:3.0,cover:16:psi:0.01:dr,0.93025,20000,16,0.93025
3675,14,10,dr,learning_rate:3.0,cover:4:psi:1.0:dr,0.8825,2000,76,0.8825
4467,16,10,dr,learning_rate:3.0,bag:16:greedify:dr,0.875,2000,64,0.875
7198,20,10,mtr,learning_rate:0.03,cover:16:psi:0.1:nounif:mtr,0.7975,2000,240,0.7975
2555,12,10,mtr,learning_rate:0.3,cover:4:psi:0.01:nounif:mtr,0.691,2000,216,0.691
7862,21,4,dr,learning_rate:1.0,cover:4:psi:1.0:nounif:dr,0.123264,1728,6,0.123264
2125,12,10,ips,learning_rate:1.0,epsilon:0.02:ips,0.7225,2000,216,0.7225
5869,18,10,ips,learning_rate:0.03,cover:8:psi:0.01:nounif:ips,0.7935,2000,6,0.7935
9150,3,2,ips,learning_rate:0.03,cover:16:psi:0:nounif:ips,0.171464,3196,36,0.171464
6670,20,10,mtr,learning_rate:3.0,cover:4:psi:0:nounif:mtr,0.783,2000,240,0.783
7016,20,10,dr,learning_rate:1.0,cover:8:psi:1.0:dr,0.75,2000,240,0.75
6828,20,10,ips,learning_rate:1.0,cover:4:psi:1.0:nounif:ips,0.8345,2000,240,0.8345
11170,8,2,mtr,learning_rate:0.003,cover:16:psi:0.01:nounif:mtr,0.02029,345,6,0.02029
7194,20,10,ips,learning_rate:0.01,cover:16:psi:0.1:nounif:ips,0.7705,2000,240,0.7705
8829,3,2,ips,learning_rate:0.1,cover:4:psi:0.1:nounif:ips,0.191176,3196,36,0.191176
8652,3,2,ips,learning_rate:10.0,cover:1:ips,0.253129,3196,36,0.253129
8407,3,2,mtr,learning_rate:3.0,epsilon:0.1:mtr,0.227472,3196,36,0.227472
10826,8,2,dr,learning_rate:0.1,cover:4:psi:1.0:dr,0.095652,345,6,0.095652
1999,11,3,ips,learning_rate:0.03,cover:16:psi:0.1:nounif:ips,0.2432,625,4,0.2432
7724,21,4,dr,learning_rate:0.3,cover:4:psi:0.01:dr,0.183449,1728,6,0.183449
3752,14,10,mtr,learning_rate:0.3,cover:8:psi:0:nounif:mtr,0.879,2000,76,0.879
5478,18,10,dr,learning_rate:10.0,bag:8:greedify:dr,0.6805,2000,6,0.6805
10046,6,26,dr,learning_rate:10.0,cover:8:psi:0.1:nounif:dr,0.78055,20000,16,0.78055
1444,11,3,ips,learning_rate:3.0,cover:4:psi:0:ips,0.2368,625,4,0.2368
4606,16,10,ips,learning_rate:10.0,cover:4:psi:0.01:ips,0.882,2000,64,0.882
469,10,4,ips,learning_rate:0.03,cover:4:psi:0.01:nounif:ips,0.182432,148,18,0.182432
1658,11,3,mtr,learning_rate:1.0,cover:8:psi:0:mtr,0.2448,625,4,0.2448
5651,18,10,mtr,learning_rate:0.01,cover:4:psi:0.01:nounif:mtr,0.8335,2000,6,0.8335
4824,16,10,dr,learning_rate:0.001,cover:8:psi:0.01:nounif:dr,0.899,2000,64,0.899
2988,12,10,dr,learning_rate:1.0,cover:16:psi:0.01:nounif:dr,0.475,2000,216,0.475
7399,21,4,mtr,learning_rate:0.1,bag:2:mtr,0.095486,1728,6,0.095486
10632,8,2,ips,learning_rate:0.01,bag:16:greedify:ips,0.081159,345,6,0.081159
7183,20,10,mtr,learning_rate:3.0,cover:16:psi:0.1:mtr,0.7775,2000,240,0.7775
9747,6,26,ips,learning_rate:3.0,cover:4:psi:0.01:ips,0.9369,20000,16,0.9369
2186,12,10,mtr,learning_rate:10.0,epsilon:0.1:mtr,0.478,2000,216,0.478
6071,18,10,mtr,learning_rate:3.0,cover:16:psi:0.01:mtr,0.8615,2000,6,0.8615
7530,21,4,ips,learning_rate:0.03,bag:4:greedify:ips,0.194444,1728,6,0.194444
10484,8,2,dr,learning_rate:3.0,bag:4:dr,0.031884,345,6,0.031884
1169,11,3,mtr,learning_rate:0.3,bag:2:mtr,0.112,625,4,0.112
5396,18,10,mtr,learning_rate:3.0,bag:16:mtr,0.6425,2000,6,0.6425
10125,6,26,ips,learning_rate:3.0,cover:16:psi:0:ips,0.9375,20000,16,0.9375
3867,14,10,dr,learning_rate:10.0,cover:8:psi:0.1:nounif:dr,0.861,2000,76,0.861
5386,18,10,ips,learning_rate:0.1,bag:16:ips,0.834,2000,6,0.834
510,10,4,dr,learning_rate:10.0,cover:4:psi:0.1:dr,0.351351,148,18,0.351351
8715,3,2,ips,learning_rate:0.01,cover:4:psi:0:nounif:ips,0.1699,3196,36,0.1699
3015,12,10,dr,learning_rate:1.0,cover:16:psi:0.1:dr,0.7145,2000,216,0.7145
11147,8,2,dr,learning_rate:0.03,cover:16:psi:0.01:dr,0.069565,345,6,0.069565
2124,12,10,dr,learning_rate:1.0,epsilon:0.02:dr,0.6505,2000,216,0.6505
6430,20,10,mtr,learning_rate:10.0,bag:8:mtr,0.7395,2000,240,0.7395
7397,21,4,dr,learning_rate:0.1,bag:2:dr,0.101852,1728,6,0.101852
6913,20,10,mtr,learning_rate:3.0,cover:8:psi:0.01:mtr,0.8095,2000,240,0.8095
2556,12,10,dr,learning_rate:1.0,cover:4:psi:0.01:nounif:dr,0.487,2000,216,0.487
5231,18,10,mtr,learning_rate:1.0,epsilon:0.02:mtr,0.77,2000,6,0.77
2321,12,10,mtr,learning_rate:10.0,bag:2:greedify:mtr,0.5385,2000,216,0.5385
3929,14,10,mtr,learning_rate:0.003,cover:16:psi:0:mtr,0.886,2000,76,0.886
3924,14,10,dr,learning_rate:0.001,cover:16:psi:0:dr,0.8815,2000,76,0.8815
5032,16,10,ips,learning_rate:1.0,cover:16:psi:0.01:ips,0.886,2000,64,0.886
10734,8,2,ips,learning_rate:0.001,cover:4:psi:0.01:nounif:ips,0.02029,345,6,0.02029
10131,6,26,ips,learning_rate:0.001,cover:16:psi:0:nounif:ips,0.94535,20000,16,0.94535
5044,16,10,ips,learning_rate:0.003,cover:16:psi:0.01:nounif:ips,0.8715,2000,64,0.8715
852,10,4,dr,learning_rate:0.3,cover:16:psi:0:nounif:dr,0.148649,148,18,0.148649
2424,12,10,dr,learning_rate:3.0,cover:1:dr,0.7395,2000,216,0.7395
1410,11,3,dr,learning_rate:0.3,cover:1:nounif:dr,0.1072,625,4,0.1072
3474,14,10,dr,learning_rate:0.03,cover:1:nounif:dr,0.852,2000,76,0.852
9446,6,26,dr,learning_rate:1.0,epsilon:0.1:dr,0.91985,20000,16,0.91985
7514,21,4,dr,learning_rate:3.0,bag:2:greedify:dr,0.100694,1728,6,0.100694
888,10,4,dr,learning_rate:10.0,cover:16:psi:0.01:dr,0.297297,148,18,0.297297
9425,6,26,dr,learning_rate:10.0,epsilon:0.05:dr,0.92605,20000,16,0.92605
5696,18,10,mtr,learning_rate:10.0,cover:4:psi:0.1:mtr,0.795,2000,6,0.795
2613,12,10,dr,learning_rate:3.0,cover:4:psi:0.1:nounif:dr,0.4535,2000,216,0.4535
4647,16,10,dr,learning_rate:0.1,cover:4:psi:0.1:dr,0.883,2000,64,0.883
6457,20,10,mtr,learning_rate:10.0,bag:16:mtr,0.7495,2000,240,0.7495
4698,16,10,dr,learning_rate:0.03,cover:4:psi:1.0:dr,0.8845,2000,64,0.8845
7131,20,10,ips,learning_rate:10.0,cover:16:psi:0.01:ips,0.782,2000,240,0.782
5998,18,10,ips,learning_rate:0.003,cover:16:psi:0:ips,0.85,2000,6,0.85
1896,11,3,dr,learning_rate:0.3,cover:16:psi:0:nounif:dr,0.1072,625,4,0.1072
4093,14,10,ips,learning_rate:0.01,cover:16:psi:1.0:ips,0.8895,2000,76,0.8895
6698,20,10,dr,learning_rate:10.0,cover:4:psi:0.01:dr,0.7565,2000,240,0.7565
3130,14,10,ips,learning_rate:0.3,epsilon:0:ips,0.882,2000,76,0.882
8353,3,2,mtr,learning_rate:3.0,epsilon:0.02:mtr,0.191176,3196,36,0.191176
3177,14,10,dr,learning_rate:0.03,epsilon:0.05:dr,0.8885,2000,76,0.8885
5444,18,10,mtr,learning_rate:0.3,bag:4:greedify:mtr,0.6545,2000,6,0.6545
8487,3,2,ips,learning_rate:3.0,bag:8:ips,0.288173,3196,36,0.288173
8941,3,2,mtr,learning_rate:0.3,cover:8:psi:0:nounif:mtr,0.212453,3196,36,0.212453
9138,3,2,ips,learning_rate:10.0,cover:16:psi:0:ips,0.253129,3196,36,0.253129
872,10,4,mtr,learning_rate:0.01,cover:16:psi:0.01:mtr,0.22973,148,18,0.22973
8221,21,4,mtr,learning_rate:10.0,cover:16:psi:0.1:mtr,0.233218,1728,6,0.233218
8237,21,4,dr,learning_rate:0.3,cover:16:psi:0.1:nounif:dr,0.096065,1728,6,0.096065
4496,16,10,mtr,learning_rate:3.0,cover:1:mtr,0.8525,2000,64,0.8525
7071,20,10,ips,learning_rate:1.0,cover:16:psi:0:ips,0.791,2000,240,0.791
7232,20,10,dr,learning_rate:1.0,cover:16:psi:1.0:dr,0.746,2000,240,0.746
1084,11,3,ips,learning_rate:0.1,epsilon:0.02:ips,0.2368,625,4,0.2368
7994,21,4,dr,learning_rate:0.3,cover:8:psi:0.1:dr,0.197917,1728,6,0.197917
6124,18,10,ips,learning_rate:3.0,cover:16:psi:0.1:ips,0.837,2000,6,0.837
7619,21,4,dr,learning_rate:1.0,cover:1:dr,0.217593,1728,6,0.217593
2800,12,10,ips,learning_rate:1.0,cover:8:psi:0.1:ips,0.8015,2000,216,0.8015
11260,8,2,mtr,learning_rate:0.1,cover:16:psi:1.0:mtr,0.127536,345,6,0.127536
10771,8,2,mtr,learning_rate:0.03,cover:4:psi:0.1:mtr,0.089855,345,6,0.089855
10661,8,2,dr,learning_rate:0.03,cover:4:psi:0:dr,0.075362,345,6,0.075362
6531,20,10,ips,learning_rate:1.0,bag:8:greedify:ips,0.8155,2000,240,0.8155
6859,20,10,mtr,learning_rate:3.0,cover:8:psi:0:mtr,0.8135,2000,240,0.8135
9805,6,26,mtr,learning_rate:10.0,cover:4:psi:0.1:mtr,0.8968,20000,16,0.8968
2210,12,10,mtr,learning_rate:3.0,bag:2:mtr,0.575,2000,216,0.575
9830,6,26,dr,learning_rate:10.0,cover:4:psi:0.1:nounif:dr,0.72765,20000,16,0.72765
9030,3,2,ips,learning_rate:10.0,cover:8:psi:0.1:ips,0.265957,3196,36,0.265957
1113,11,3,dr,learning_rate:0.3,epsilon:0.05:dr,0.2048,625,4,0.2048
496,10,4,ips,learning_rate:0.03,cover:4:psi:0.1:ips,0.398649,148,18,0.398649
5653,18,10,ips,learning_rate:0.03,cover:4:psi:0.01:nounif:ips,0.793,2000,6,0.793
6317,20,10,dr,learning_rate:3.0,epsilon:0.05:dr,0.7595,2000,240,0.7595
9606,6,26,ips,learning_rate:0.3,bag:4:greedify:ips,0.95035,20000,16,0.95035
919,10,4,ips,learning_rate:0.001,cover:16:psi:0.1:ips,0.290541,148,18,0.290541
5533,18,10,ips,learning_rate:10.0,cover:1:ips,0.8515,2000,6,0.8515
5448,18,10,dr,learning_rate:3.0,bag:4:greedify:dr,0.726,2000,6,0.726
5985,18,10,dr,learning_rate:1.0,cover:8:psi:1.0:nounif:dr,0.742,2000,6,0.742
1358,11,3,mtr,learning_rate:0.3,bag:16:greedify:mtr,0.1312,625,4,0.1312
4390,16,10,ips,learning_rate:10.0,bag:2:greedify:ips,0.8755,2000,64,0.8755
8378,3,2,dr,learning_rate:3.0,epsilon:0.05:dr,0.222153,3196,36,0.222153
7995,21,4,ips,learning_rate:0.3,cover:8:psi:0.1:ips,0.236111,1728,6,0.236111
10383,8,2,ips,learning_rate:0.001,epsilon:0.05:ips,0.049275,345,6,0.049275
5658,18,10,dr,learning_rate:0.3,cover:4:psi:0.01:nounif:dr,0.6685,2000,6,0.6685
3496,14,10,ips,learning_rate:0.003,cover:4:psi:0:ips,0.882,2000,76,0.882
9247,3,2,mtr,learning_rate:10.0,cover:16:psi:0.1:mtr,0.253442,3196,36,0.253442
1762,11,3,ips,learning_rate:0.3,cover:8:psi:0.1:ips,0.2704,625,4,0.2704
260,10,4,mtr,learning_rate:0.3,bag:4:greedify:mtr,0.297297,148,18,0.297297
8326,3,2,mtr,learning_rate:3.0,epsilon:0:mtr,0.194931,3196,36,0.194931
9454,6,26,mtr,learning_rate:10.0,epsilon:0.1:mtr,0.7787,20000,16,0.7787
5165,16,10,mtr,learning_rate:0.3,cover:16:psi:1.0:nounif:mtr,0.877,2000,64,0.877
4595,16,10,mtr,learning_rate:0.1,cover:4:psi:0.01:mtr,0.872,2000,64,0.872
4548,16,10,dr,learning_rate:3.0,cover:4:psi:0:dr,0.876,2000,64,0.876
3881,14,10,mtr,learning_rate:0.03,cover:8:psi:1.0:mtr,0.8815,2000,76,0.8815
1456,11,3,ips,learning_rate:0.01,cover:4:psi:0:nounif:ips,0.1088,625,4,0.1088
10851,8,2,ips,learning_rate:0.03,cover:4:psi:1.0:nounif:ips,0.17971,345,6,0.17971
10429,8,2,mtr,learning_rate:1.0,epsilon:0.1:mtr,0.072464,345,6,0.072464
10409,8,2,dr,learning_rate:0.001,epsilon:0.1:dr,0.078261,345,6,0.078261
2746,12,10,ips,learning_rate:1.0,cover:8:psi:0.01:ips,0.8055,2000,216,0.8055
1014,10,4,dr,learning_rate:0.3,cover:16:psi:1.0:nounif:dr,0.25,148,18,0.25
5526,18,10,dr,learning_rate:1.0,cover:1:dr,0.783,2000,6,0.783
11044,8,2,mtr,learning_rate:0.1,cover:8:psi:1.0:mtr,0.127536,345,6,0.127536
731,10,4,mtr,learning_rate:0.001,cover:8:psi:0.1:nounif:mtr,0.310811,148,18,0.310811
8933,3,2,dr,learning_rate:0.03,cover:8:psi:0:nounif:dr,0.193367,3196,36,0.193367
1845,11,3,dr,learning_rate:1.0,cover:8:psi:1.0:nounif:dr,0.1872,625,4,0.1872
9459,6,26,ips,learning_rate:0.003,bag:2:ips,0.9492,20000,16,0.9492
5769,18,10,dr,learning_rate:1.0,cover:4:psi:1.0:nounif:dr,0.6815,2000,6,0.6815
10952,8,2,dr,learning_rate:0.003,cover:8:psi:0.01:nounif:dr,0.014493,345,6,0.014493
986,10,4,mtr,learning_rate:0.1,cover:16:psi:1.0:mtr,0.412162,148,18,0.412162
2798,12,10,mtr,learning_rate:0.3,cover:8:psi:0.1:mtr,0.7785,2000,216,0.7785
11237,8,2,dr,learning_rate:1.0,cover:16:psi:0.1:nounif:dr,0.017391,345,6,0.017391
528,10,4,dr,learning_rate:0.3,cover:4:psi:0.1:nounif:dr,0.141892,148,18,0.141892
8677,3,2,mtr,learning_rate:3.0,cover:1:nounif:mtr,0.194931,3196,36,0.194931
598,10,4,ips,learning_rate:0.003,cover:8:psi:0:ips,0.317568,148,18,0.317568
8045,21,4,dr,learning_rate:0.1,cover:8:psi:1.0:dr,0.20081,1728,6,0.20081
6503,20,10,dr,learning_rate:1.0,bag:4:greedify:dr,0.718,2000,240,0.718
2086,12,10,ips,learning_rate:0.01,epsilon:0:ips,0.678,2000,216,0.678
2032,11,3,ips,learning_rate:0.3,cover:16:psi:1.0:ips,0.328,625,4,0.328
3841,14,10,ips,learning_rate:10.0,cover:8:psi:0.1:ips,0.887,2000,76,0.887
7959,21,4,ips,learning_rate:0.01,cover:8:psi:0.01:nounif:ips,0.166088,1728,6,0.166088
6182,18,10,mtr,learning_rate:10.0,cover:16:psi:1.0:mtr,0.8525,2000,6,0.8525
3915,14,10,dr,learning_rate:1.0,cover:8:psi:1.0:nounif:dr,0.8885,2000,76,0.8885
8865,3,2,ips,learning_rate:3.0,cover:4:psi:1.0:ips,0.274718,3196,36,0.274718
3535,14,10,ips,learning_rate:0.3,cover:4:psi:0:nounif:ips,0.8845,2000,76,0.8845
3636,14,10,dr,learning_rate:0.03,cover:4:psi:0.1:nounif:dr,0.8405,2000,76,0.8405
9050,3,2,dr,learning_rate:1.0,cover:8:psi:0.1:nounif:dr,0.186483,3196,36,0.186483
4463,16,10,mtr,learning_rate:0.3,bag:16:greedify:mtr,0.869,2000,64,0.869
4001,14,10,mtr,learning_rate:3.0,cover:16:psi:0.01:mtr,0.8855,2000,76,0.8855
10356,8,2,ips,learning_rate:0.001,epsilon:0.02:ips,0.026087,345,6,0.026087
6020,18,10,mtr,learning_rate:10.0,cover:16:psi:0:mtr,0.848,2000,6,0.848
2927,12,10,mtr,learning_rate:0.03,cover:16:psi:0:nounif:mtr,0.735,2000,216,0.735
7459,21,4,mtr,learning_rate:1.0,bag:8:mtr,0.097222,1728,6,0.097222
10897,8,2,mtr,learning_rate:0.001,cover:8:psi:0:nounif:mtr,0.011594,345,6,0.011594
8976,3,2,ips,learning_rate:10.0,cover:8:psi:0.01:ips,0.267835,3196,36,0.267835
1892,11,3,mtr,learning_rate:0.03,cover:16:psi:0:nounif:mtr,0.1456,625,4,0.1456
9265,3,2,mtr,learning_rate:0.3,cover:16:psi:0.1:nounif:mtr,0.213079,3196,36,0.213079
9611,6,26,dr,learning_rate:3.0,bag:4:greedify:dr,0.7818,20000,16,0.7818
399,10,4,dr,learning_rate:3.0,cover:4:psi:0:dr,0.364865,148,18,0.364865
5816,18,10,mtr,learning_rate:0.03,cover:8:psi:0:nounif:mtr,0.788,2000,6,0.788
8170,21,4,mtr,learning_rate:0.001,cover:16:psi:0.01:nounif:mtr,0.274884,1728,6,0.274884
739,10,4,ips,learning_rate:0.03,cover:8:psi:0.1:nounif:ips,0.236486,148,18,0.236486
726,10,4,dr,learning_rate:10.0,cover:8:psi:0.1:dr,0.310811,148,18,0.310811
6045,18,10,dr,learning_rate:10.0,cover:16:psi:0:nounif:dr,0.667,2000,6,0.667
5767,18,10,ips,learning_rate:0.3,cover:4:psi:1.0:nounif:ips,0.846,2000,6,0.846
744,10,4,dr,learning_rate:0.3,cover:8:psi:0.1:nounif:dr,0.141892,148,18,0.141892
4997,16,10,mtr,learning_rate:0.03,cover:16:psi:0:nounif:mtr,0.881,2000,64,0.881
4246,16,10,ips,learning_rate:0.3,epsilon:0.1:ips,0.8805,2000,64,0.8805
9638,6,26,dr,learning_rate:3.0,bag:8:greedify:dr,0.80025,20000,16,0.80025
8236,21,4,mtr,learning_rate:0.1,cover:16:psi:0.1:nounif:mtr,0.284722,1728,6,0.284722
9826,6,26,mtr,learning_rate:1.0,cover:4:psi:0.1:nounif:mtr,0.92155,20000,16,0.92155
902,10,4,mtr,learning_rate:0.03,cover:16:psi:0.01:nounif:mtr,0.162162,148,18,0.162162
42,10,4,dr,learning_rate:0.3,epsilon:0.02:dr,0.121622,148,18,0.121622
15,10,4,dr,learning_rate:0.3,epsilon:0:dr,0.148649,148,18,0.148649
656,10,4,mtr,learning_rate:0.01,cover:8:psi:0.01:mtr,0.290541,148,18,0.290541
3461,14,10,mtr,learning_rate:3.0,cover:1:mtr,0.8475,2000,76,0.8475
1627,11,3,ips,learning_rate:0.3,cover:4:psi:1.0:nounif:ips,0.424,625,4,0.424
10257,6,26,ips,learning_rate:1.0,cover:16:psi:0.1:nounif:ips,0.9467,20000,16,0.9467
10767,8,2,ips,learning_rate:0.01,cover:4:psi:0.1:ips,0.095652,345,6,0.095652
1409,11,3,mtr,learning_rate:0.1,cover:1:nounif:mtr,0.128,625,4,0.128
5503,18,10,ips,learning_rate:3.0,bag:16:greedify:ips,0.8365,2000,6,0.8365
6369,20,10,ips,learning_rate:1.0,bag:2:ips,0.812,2000,240,0.812
558,10,4,dr,learning_rate:1.0,cover:4:psi:1.0:dr,0.385135,148,18,0.385135
2537,12,10,mtr,learning_rate:10.0,cover:4:psi:0.01:mtr,0.7255,2000,216,0.7255
11112,8,2,ips,learning_rate:0.001,cover:16:psi:0:nounif:ips,0.011594,345,6,0.011594
8664,3,2,ips,learning_rate:0.03,cover:1:nounif:ips,0.174906,3196,36,0.174906
8540,3,2,dr,learning_rate:3.0,bag:2:greedify:dr,0.224969,3196,36,0.224969
1196,11,3,mtr,learning_rate:0.3,bag:4:mtr,0.1232,625,4,0.1232
9453,6,26,ips,learning_rate:10.0,epsilon:0.1:ips,0.943,20000,16,0.943
1730,11,3,mtr,learning_rate:0.03,cover:8:psi:0.01:nounif:mtr,0.1952,625,4,0.1952
11113,8,2,mtr,learning_rate:0.001,cover:16:psi:0:nounif:mtr,0.011594,345,6,0.011594
6322,20,10,mtr,learning_rate:10.0,epsilon:0.05:mtr,0.654,2000,240,0.654
10500,8,2,ips,learning_rate:0.03,bag:8:ips,0.057971,345,6,0.057971
258,10,4,dr,learning_rate:0.3,bag:4:greedify:dr,0.114865,148,18,0.114865
5208,18,10,dr,learning_rate:10.0,epsilon:0:dr,0.79,2000,6,0.79
3343,14,10,ips,learning_rate:0.1,bag:2:greedify:ips,0.8855,2000,76,0.8855
11093,8,2,dr,learning_rate:0.03,cover:16:psi:0:dr,0.072464,345,6,0.072464
11283,8,2,ips,learning_rate:0.03,cover:16:psi:1.0:nounif:ips,0.156522,345,6,0.156522
9508,6,26,mtr,learning_rate:10.0,bag:4:mtr,0.7656,20000,16,0.7656
1543,11,3,ips,learning_rate:0.1,cover:4:psi:0.1:ips,0.2608,625,4,0.2608
6801,20,10,ips,learning_rate:1.0,cover:4:psi:1.0:ips,0.788,2000,240,0.788
7234,20,10,mtr,learning_rate:1.0,cover:16:psi:1.0:mtr,0.7975,2000,240,0.7975
10592,8,2,dr,learning_rate:3.0,bag:4:greedify:dr,0.028986,345,6,0.028986
4488,16,10,dr,learning_rate:0.3,cover:1:dr,0.888,2000,64,0.888
3734,14,10,mtr,learning_rate:10.0,cover:8:psi:0:mtr,0.8865,2000,76,0.8865
10355,8,2,dr,learning_rate:0.001,epsilon:0.02:dr,0.023188,345,6,0.023188
2855,12,10,mtr,learning_rate:1.0,cover:8:psi:1.0:mtr,0.778,2000,216,0.778
5470,18,10,ips,learning_rate:0.3,bag:8:greedify:ips,0.8375,2000,6,0.8375
8594,3,2,dr,learning_rate:3.0,bag:8:greedify:dr,0.228098,3196,36,0.228098
4040,14,10,mtr,learning_rate:0.01,cover:16:psi:0.1:mtr,0.8785,2000,76,0.8785
6797,20,10,dr,learning_rate:0.3,cover:4:psi:1.0:dr,0.7635,2000,240,0.7635
3327,14,10,dr,learning_rate:10.0,bag:16:dr,0.868,2000,76,0.868
10129,6,26,mtr,learning_rate:10.0,cover:16:psi:0:mtr,0.9371,20000,16,0.9371
1712,11,3,mtr,learning_rate:1.0,cover:8:psi:0.01:mtr,0.2448,625,4,0.2448
2341,12,10,ips,learning_rate:1.0,bag:4:greedify:ips,0.753,2000,216,0.753
847,10,4,ips,learning_rate:0.03,cover:16:psi:0:nounif:ips,0.182432,148,18,0.182432
7347,21,4,ips,learning_rate:0.3,epsilon:0.05:ips,0.226852,1728,6,0.226852
6012,18,10,dr,learning_rate:1.0,cover:16:psi:0:dr,0.7875,2000,6,0.7875
3045,12,10,dr,learning_rate:3.0,cover:16:psi:0.1:nounif:dr,0.4785,2000,216,0.4785
9295,3,2,mtr,learning_rate:1.0,cover:16:psi:1.0:mtr,0.286608,3196,36,0.286608
2290,12,10,ips,learning_rate:3.0,bag:16:ips,0.794,2000,216,0.794
6988,20,10,mtr,learning_rate:0.3,cover:8:psi:0.1:nounif:mtr,0.8115,2000,240,0.8115
11111,8,2,dr,learning_rate:0.001,cover:16:psi:0:nounif:dr,0.014493,345,6,0.014493
1278,11,3,dr,learning_rate:1.0,bag:2:greedify:dr,0.1264,625,4,0.1264
323,10,4,mtr,learning_rate:10.0,bag:16:greedify:mtr,0.297297,148,18,0.297297
11045,8,2,dr,learning_rate:0.3,cover:8:psi:1.0:dr,0.101449,345,6,0.101449
6060,18,10,dr,learning_rate:0.1,cover:16:psi:0.01:dr,0.853,2000,6,0.853
1597,11,3,ips,learning_rate:0.1,cover:4:psi:1.0:ips,0.3008,625,4,0.3008
5048,16,10,mtr,learning_rate:0.01,cover:16:psi:0.01:nounif:mtr,0.8705,2000,64,0.8705
4834,16,10,ips,learning_rate:0.03,cover:8:psi:0.01:nounif:ips,0.8675,2000,64,0.8675
7591,21,4,mtr,learning_rate:0.3,bag:16:greedify:mtr,0.097801,1728,6,0.097801
1841,11,3,mtr,learning_rate:0.1,cover:8:psi:1.0:nounif:mtr,0.3744,625,4,0.3744
7352,21,4,dr,learning_rate:3.0,epsilon:0.05:dr,0.210648,1728,6,0.210648
117,10,4,dr,learning_rate:0.03,bag:2:dr,0.418919,148,18,0.418919
421,10,4,ips,learning_rate:0.3,cover:4:psi:0:nounif:ips,0.182432,148,18,0.182432
6827,20,10,dr,learning_rate:1.0,cover:4:psi:1.0:nounif:dr,0.656,2000,240,0.656
6290,20,10,dr,learning_rate:3.0,epsilon:0.02:dr,0.7885,2000,240,0.7885
10093,6,26,mtr,learning_rate:0.3,cover:8:psi:1.0:nounif:mtr,0.9484,20000,16,0.9484
8183,21,4,dr,learning_rate:0.3,cover:16:psi:0.01:nounif:dr,0.097222,1728,6,0.097222
1498,11,3,ips,learning_rate:3.0,cover:4:psi:0.01:ips,0.2288,625,4,0.2288
8985,3,2,ips,learning_rate:0.01,cover:8:psi:0.01:nounif:ips,0.176158,3196,36,0.176158
11284,8,2,mtr,learning_rate:0.03,cover:16:psi:1.0:nounif:mtr,0.13913,345,6,0.13913
2263,12,10,ips,learning_rate:3.0,bag:8:ips,0.7985,2000,216,0.7985
4435,16,10,ips,learning_rate:0.3,bag:8:greedify:ips,0.885,2000,64,0.885
180,10,4,dr,learning_rate:1.0,bag:8:dr,0.209459,148,18,0.209459
6181,18,10,ips,learning_rate:10.0,cover:16:psi:1.0:ips,0.8415,2000,6,0.8415
1602,11,3,dr,learning_rate:1.0,cover:4:psi:1.0:dr,0.2224,625,4,0.2224
7314,21,4,ips,learning_rate:0.03,epsilon:0.02:ips,0.198495,1728,6,0.198495
1058,11,3,mtr,learning_rate:0.1,epsilon:0:mtr,0.128,625,4,0.128
4616,16,10,mtr,learning_rate:0.01,cover:4:psi:0.01:nounif:mtr,0.8745,2000,64,0.8745
3019,12,10,ips,learning_rate:3.0,cover:16:psi:0.1:ips,0.813,2000,216,0.813
7697,21,4,dr,learning_rate:0.3,cover:4:psi:0:nounif:dr,0.097222,1728,6,0.097222
77,10,4,mtr,learning_rate:3.0,epsilon:0.05:mtr,0.195946,148,18,0.195946
7626,21,4,ips,learning_rate:10.0,cover:1:ips,0.207755,1728,6,0.207755
10680,8,2,ips,learning_rate:0.001,cover:4:psi:0:nounif:ips,0.011594,345,6,0.011594
7889,21,4,dr,learning_rate:1.0,cover:8:psi:0:dr,0.219907,1728,6,0.219907
7489,21,4,mtr,learning_rate:3.0,bag:16:mtr,0.098958,1728,6,0.098958
7018,20,10,mtr,learning_rate:1.0,cover:8:psi:1.0:mtr,0.813,2000,240,0.813
672,10,4,dr,learning_rate:10.0,cover:8:psi:0.01:dr,0.297297,148,18,0.297297
2609,12,10,mtr,learning_rate:0.3,cover:4:psi:0.1:nounif:mtr,0.713,2000,216,0.713
6263,20,10,dr,learning_rate:3.0,epsilon:0:dr,0.6775,2000,240,0.6775
7294,21,4,mtr,learning_rate:0.3,epsilon:0:mtr,0.090856,1728,6,0.090856
3329,14,10,mtr,learning_rate:10.0,bag:16:mtr,0.8605,2000,76,0.8605
10402,8,2,mtr,learning_rate:1.0,epsilon:0.05:mtr,0.052174,345,6,0.052174
7964,21,4,dr,learning_rate:0.1,cover:8:psi:0.01:nounif:dr,0.097801,1728,6,0.097801
1875,11,3,dr,learning_rate:3.0,cover:16:psi:0:dr,0.1856,625,4,0.1856
4599,16,10,dr,learning_rate:1.0,cover:4:psi:0.01:dr,0.882,2000,64,0.882
8113,21,4,mtr,learning_rate:10.0,cover:16:psi:0:mtr,0.203704,1728,6,0.203704
10072,6,26,mtr,learning_rate:3.0,cover:8:psi:1.0:mtr,0.92485,20000,16,0.92485
3971,14,10,mtr,learning_rate:1.0,cover:16:psi:0:nounif:mtr,0.876,2000,76,0.876
1923,11,3,dr,learning_rate:0.3,cover:16:psi:0.01:dr,0.168,625,4,0.168
10794,8,2,ips,learning_rate:0.01,cover:4:psi:0.1:nounif:ips,0.04058,345,6,0.04058
10649,8,2,dr,learning_rate:10.0,bag:16:greedify:dr,0.031884,345,6,0.031884
1051,11,3,ips,learning_rate:0.01,epsilon:0:ips,0.1216,625,4,0.1216
7544,21,4,dr,learning_rate:10.0,bag:4:greedify:dr,0.090856,1728,6,0.090856
1009,10,4,ips,learning_rate:0.03,cover:16:psi:1.0:nounif:ips,0.466216,148,18,0.466216
10436,8,2,dr,learning_rate:0.001,bag:2:dr,0.031884,345,6,0.031884
5210,18,10,mtr,learning_rate:10.0,epsilon:0:mtr,0.772,2000,6,0.772
9616,6,26,mtr,learning_rate:10.0,bag:4:greedify:mtr,0.82695,20000,16,0.82695
5286,18,10,dr,learning_rate:3.0,epsilon:0.1:dr,0.808,2000,6,0.808
5046,16,10,dr,learning_rate:0.01,cover:16:psi:0.01:nounif:dr,0.88,2000,64,0.88
8567,3,2,dr,learning_rate:3.0,bag:4:greedify:dr,0.228098,3196,36,0.228098
8780,3,2,dr,learning_rate:1.0,cover:4:psi:0.01:nounif:dr,0.175219,3196,36,0.175219
289,10,4,ips,learning_rate:1.0,bag:8:greedify:ips,0.310811,148,18,0.310811
16,10,4,ips,learning_rate:0.3,epsilon:0:ips,0.182432,148,18,0.182432
1714,11,3,ips,learning_rate:3.0,cover:8:psi:0.01:ips,0.2288,625,4,0.2288
2695,12,10,ips,learning_rate:3.0,cover:8:psi:0:ips,0.806,2000,216,0.806
303,10,4,dr,learning_rate:0.01,bag:16:greedify:dr,0.391892,148,18,0.391892
5304,18,10,dr,learning_rate:0.1,bag:2:dr,0.6915,2000,6,0.6915
9775,6,26,mtr,learning_rate:3.0,cover:4:psi:0.01:nounif:mtr,0.9242,20000,16,0.9242
84,10,4,dr,learning_rate:0.003,epsilon:0.1:dr,0.263514,148,18,0.263514
6854,20,10,dr,learning_rate:1.0,cover:8:psi:0:dr,0.7765,2000,240,0.7765
6403,20,10,mtr,learning_rate:10.0,bag:4:mtr,0.7555,2000,240,0.7555
4934,16,10,mtr,learning_rate:0.001,cover:8:psi:1.0:nounif:mtr,0.882,2000,64,0.882
10896,8,2,ips,learning_rate:0.001,cover:8:psi:0:nounif:ips,0.011594,345,6,0.011594
7436,21,4,dr,learning_rate:10.0,bag:4:dr,0.102431,1728,6,0.102431
4889,16,10,mtr,learning_rate:0.03,cover:8:psi:0.1:nounif:mtr,0.8815,2000,64,0.8815
956,10,4,mtr,learning_rate:0.03,cover:16:psi:0.1:nounif:mtr,0.344595,148,18,0.344595
2802,12,10,dr,learning_rate:3.0,cover:8:psi:0.1:dr,0.7395,2000,216,0.7395
3788,14,10,mtr,learning_rate:10.0,cover:8:psi:0.01:mtr,0.885,2000,76,0.885
690,10,4,dr,learning_rate:0.3,cover:8:psi:0.01:nounif:dr,0.141892,148,18,0.141892
9099,3,2,ips,learning_rate:0.1,cover:8:psi:1.0:nounif:ips,0.283166,3196,36,0.283166
2745,12,10,dr,learning_rate:1.0,cover:8:psi:0.01:dr,0.713,2000,216,0.713
4400,16,10,mtr,learning_rate:0.01,bag:4:greedify:mtr,0.874,2000,64,0.874
265,10,4,ips,learning_rate:3.0,bag:4:greedify:ips,0.263514,148,18,0.263514
10642,8,2,mtr,learning_rate:0.3,bag:16:greedify:mtr,0.037681,345,6,0.037681
8121,21,4,ips,learning_rate:0.01,cover:16:psi:0:nounif:ips,0.155671,1728,6,0.155671
7950,21,4,ips,learning_rate:10.0,cover:8:psi:0.01:ips,0.204282,1728,6,0.204282
5287,18,10,ips,learning_rate:3.0,epsilon:0.1:ips,0.862,2000,6,0.862
8437,3,2,mtr,learning_rate:10.0,bag:2:mtr,0.229349,3196,36,0.229349
5952,18,10,dr,learning_rate:0.1,cover:8:psi:1.0:dr,0.8005,2000,6,0.8005
3856,14,10,ips,learning_rate:0.1,cover:8:psi:0.1:nounif:ips,0.87,2000,76,0.87
7487,21,4,dr,learning_rate:3.0,bag:16:dr,0.09375,1728,6,0.09375
3559,14,10,ips,learning_rate:0.1,cover:4:psi:0.01:ips,0.887,2000,76,0.887
3833,14,10,mtr,learning_rate:0.3,cover:8:psi:0.1:mtr,0.8745,2000,76,0.8745
8405,3,2,dr,learning_rate:3.0,epsilon:0.1:dr,0.256884,3196,36,0.256884
1203,11,3,dr,learning_rate:10.0,bag:4:dr,0.1584,625,4,0.1584
8725,3,2,mtr,learning_rate:0.3,cover:4:psi:0:nounif:mtr,0.201815,3196,36,0.201815
9573,6,26,ips,learning_rate:0.03,bag:2:greedify:ips,0.94645,20000,16,0.94645
10880,8,2,dr,learning_rate:0.1,cover:8:psi:0:dr,0.072464,345,6,0.072464
7686,21,4,ips,learning_rate:0.003,cover:4:psi:0:nounif:ips,0.156829,1728,6,0.156829
6029,18,10,mtr,learning_rate:0.01,cover:16:psi:0:nounif:mtr,0.806,2000,6,0.806
10262,6,26,dr,learning_rate:10.0,cover:16:psi:0.1:nounif:dr,0.76055,20000,16,0.76055
4838,16,10,mtr,learning_rate:0.1,cover:8:psi:0.01:nounif:mtr,0.881,2000,64,0.881
3528,14,10,dr,learning_rate:0.03,cover:4:psi:0:nounif:dr,0.846,2000,76,0.846
8888,3,2,dr,learning_rate:1.0,cover:4:psi:1.0:nounif:dr,0.223404,3196,36,0.223404
156,10,4,dr,learning_rate:3.0,bag:4:dr,0.256757,148,18,0.256757
9965,6,26,dr,learning_rate:10.0,cover:8:psi:0.01:dr,0.92325,20000,16,0.92325
6981,20,10,ips,learning_rate:0.03,cover:8:psi:0.1:nounif:ips,0.8035,2000,240,0.8035
1513,11,3,ips,learning_rate:0.03,cover:4:psi:0.01:nounif:ips,0.2,625,4,0.2
2302,12,10,ips,learning_rate:0.01,bag:2:greedify:ips,0.7265,2000,216,0.7265
7897,21,4,mtr,learning_rate:10.0,cover:8:psi:0:mtr,0.203704,1728,6,0.203704
8756,3,2,dr,learning_rate:3.0,cover:4:psi:0.01:dr,0.253129,3196,36,0.253129
5963,18,10,mtr,learning_rate:3.0,cover:8:psi:1.0:mtr,0.8325,2000,6,0.8325
366,10,4,dr,learning_rate:0.3,cover:1:nounif:dr,0.148649,148,18,0.148649
8313,3,2,ips,learning_rate:0.03,epsilon:0:ips,0.174906,3196,36,0.174906
6504,20,10,ips,learning_rate:1.0,bag:4:greedify:ips,0.8085,2000,240,0.8085
9081,3,2,ips,learning_rate:3.0,cover:8:psi:1.0:ips,0.28567,3196,36,0.28567
5105,16,10,mtr,learning_rate:0.03,cover:16:psi:0.1:nounif:mtr,0.883,2000,64,0.883
795,10,4,dr,learning_rate:0.1,cover:8:psi:1.0:nounif:dr,0.277027,148,18,0.277027
2478,12,10,dr,learning_rate:3.0,cover:4:psi:0:dr,0.7175,2000,216,0.7175
3358,14,10,ips,learning_rate:0.001,bag:4:greedify:ips,0.882,2000,76,0.882
7780,21,4,mtr,learning_rate:0.3,cover:4:psi:0.1:mtr,0.214699,1728,6,0.214699
7157,20,10,dr,learning_rate:10.0,cover:16:psi:0.01:nounif:dr,0.659,2000,240,0.659
9982,6,26,mtr,learning_rate:0.1,cover:8:psi:0.01:nounif:mtr,0.9472,20000,16,0.9472
7075,20,10,mtr,learning_rate:3.0,cover:16:psi:0:mtr,0.81,2000,240,0.81
6268,20,10,mtr,learning_rate:10.0,epsilon:0:mtr,0.6795,2000,240,0.6795
6201,18,10,dr,learning_rate:1.0,cover:16:psi:1.0:nounif:dr,0.725,2000,6,0.725
4437,16,10,dr,learning_rate:1.0,bag:8:greedify:dr,0.85,2000,64,0.85
10775,8,2,dr,learning_rate:0.3,cover:4:psi:0.1:dr,0.078261,345,6,0.078261
10987,8,2,mtr,learning_rate:0.03,cover:8:psi:0.1:mtr,0.092754,345,6,0.092754
5370,18,10,dr,learning_rate:10.0,bag:8:dr,0.7465,2000,6,0.7465
1518,11,3,dr,learning_rate:0.3,cover:4:psi:0.01:nounif:dr,0.1216,625,4,0.1216
3717,14,10,dr,learning_rate:0.03,cover:8:psi:0:dr,0.885,2000,76,0.885
9854,6,26,dr,learning_rate:3.0,cover:4:psi:1.0:dr,0.92715,20000,16,0.92715
1815,11,3,dr,learning_rate:0.3,cover:8:psi:1.0:dr,0.224,625,4,0.224
7211,20,10,dr,learning_rate:10.0,cover:16:psi:0.1:nounif:dr,0.668,2000,240,0.668
2132,12,10,mtr,learning_rate:10.0,epsilon:0.02:mtr,0.5395,2000,216,0.5395
767,10,4,mtr,learning_rate:0.03,cover:8:psi:1.0:mtr,0.432432,148,18,0.432432
10310,6,26,dr,learning_rate:1.0,cover:16:psi:1.0:nounif:dr,0.74155,20000,16,0.74155
1253,11,3,mtr,learning_rate:1.0,bag:16:mtr,0.1472,625,4,0.1472
4624,16,10,ips,learning_rate:0.3,cover:4:psi:0.01:nounif:ips,0.8795,2000,64,0.8795
9561,6,26,ips,learning_rate:10.0,bag:16:ips,0.95215,20000,16,0.95215
3566,14,10,mtr,learning_rate:1.0,cover:4:psi:0.01:mtr,0.8835,2000,76,0.8835
9773,6,26,dr,learning_rate:3.0,cover:4:psi:0.01:nounif:dr,0.7205,20000,16,0.7205
8596,3,2,mtr,learning_rate:3.0,bag:8:greedify:mtr,0.230288,3196,36,0.230288
345,10,4,dr,learning_rate:3.0,cover:1:dr,0.364865,148,18,0.364865
1632,11,3,dr,learning_rate:3.0,cover:4:psi:1.0:nounif:dr,0.168,625,4,0.168
636,10,4,dr,learning_rate:0.3,cover:8:psi:0:nounif:dr,0.148649,148,18,0.148649
5839,18,10,ips,learning_rate:0.01,cover:8:psi:0.01:ips,0.864,2000,6,0.864
2587,12,10,ips,learning_rate:3.0,cover:4:psi:0.1:ips,0.821,2000,216,0.821
4221,16,10,dr,learning_rate:1.0,epsilon:0.05:dr,0.8745,2000,64,0.8745
2397,12,10,dr,learning_rate:3.0,bag:16:greedify:dr,0.556,2000,216,0.556
7043,20,10,dr,learning_rate:1.0,cover:8:psi:1.0:nounif:dr,0.6775,2000,240,0.6775
904,10,4,ips,learning_rate:0.1,cover:16:psi:0.01:nounif:ips,0.209459,148,18,0.209459
1147,11,3,ips,learning_rate:3.0,epsilon:0.1:ips,0.2496,625,4,0.2496
8598,3,2,ips,learning_rate:10.0,bag:8:greedify:ips,0.294743,3196,36,0.294743
425,10,4,mtr,learning_rate:1.0,cover:4:psi:0:nounif:mtr,0.209459,148,18,0.209459
208,10,4,ips,learning_rate:1.0,bag:16:ips,0.358108,148,18,0.358108
10328,8,2,dr,learning_rate:0.001,epsilon:0:dr,0.011594,345,6,0.011594
547,10,4,ips,learning_rate:0.01,cover:4:psi:1.0:ips,0.486486,148,18,0.486486
4201,16,10,ips,learning_rate:10.0,epsilon:0.02:ips,0.8815,2000,64,0.8815
10537,8,2,mtr,learning_rate:1.0,bag:16:mtr,0.034783,345,6,0.034783
5870,18,10,mtr,learning_rate:0.03,cover:8:psi:0.01:nounif:mtr,0.8045,2000,6,0.8045
524,10,4,mtr,learning_rate:0.03,cover:4:psi:0.1:nounif:mtr,0.344595,148,18,0.344595
5018,16,10,mtr,learning_rate:0.003,cover:16:psi:0.01:mtr,0.8825,2000,64,0.8825
5016,16,10,dr,learning_rate:0.003,cover:16:psi:0.01:dr,0.887,2000,64,0.887
6153,18,10,dr,learning_rate:10.0,cover:16:psi:0.1:nounif:dr,0.704,2000,6,0.704
9562,6,26,mtr,learning_rate:10.0,bag:16:mtr,0.79435,20000,16,0.79435
8018,21,4,dr,learning_rate:0.1,cover:8:psi:0.1:nounif:dr,0.090856,1728,6,0.090856
5158,16,10,ips,learning_rate:0.03,cover:16:psi:1.0:nounif:ips,0.885,2000,64,0.885
2426,12,10,mtr,learning_rate:3.0,cover:1:mtr,0.489,2000,216,0.489
2425,12,10,ips,learning_rate:3.0,cover:1:ips,0.803,2000,216,0.803
2659,12,10,ips,learning_rate:0.1,cover:4:psi:1.0:nounif:ips,0.8075,2000,216,0.8075
2208,12,10,dr,learning_rate:3.0,bag:2:dr,0.586,2000,216,0.586
9913,6,26,mtr,learning_rate:10.0,cover:8:psi:0:mtr,0.92205,20000,16,0.92205
2003,11,3,mtr,learning_rate:0.1,cover:16:psi:0.1:nounif:mtr,0.2128,625,4,0.2128
10624,8,2,mtr,learning_rate:10.0,bag:8:greedify:mtr,0.049275,345,6,0.049275
10738,8,2,mtr,learning_rate:0.003,cover:4:psi:0.01:nounif:mtr,0.02029,345,6,0.02029
7831,21,4,mtr,learning_rate:0.1,cover:4:psi:1.0:mtr,0.322338,1728,6,0.322338
10246,6,26,mtr,learning_rate:0.01,cover:16:psi:0.1:nounif:mtr,0.9505,20000,16,0.9505
2667,12,10,dr,learning_rate:3.0,cover:4:psi:1.0:nounif:dr,0.505,2000,216,0.505
9881,6,26,dr,learning_rate:3.0,cover:4:psi:1.0:nounif:dr,0.7289,20000,16,0.7289
3125,14,10,mtr,learning_rate:0.03,epsilon:0:mtr,0.8645,2000,76,0.8645
4002,14,10,dr,learning_rate:10.0,cover:16:psi:0.01:dr,0.875,2000,76,0.875
3621,14,10,dr,learning_rate:3.0,cover:4:psi:0.1:dr,0.8785,2000,76,0.8785
1783,11,3,ips,learning_rate:0.03,cover:8:psi:0.1:nounif:ips,0.2352,625,4,0.2352
4026,14,10,dr,learning_rate:3.0,cover:16:psi:0.01:nounif:dr,0.8845,2000,76,0.8845
4802,16,10,mtr,learning_rate:0.003,cover:8:psi:0.01:mtr,0.887,2000,64,0.887
1226,11,3,mtr,learning_rate:1.0,bag:8:mtr,0.1248,625,4,0.1248
2761,12,10,ips,learning_rate:0.01,cover:8:psi:0.01:nounif:ips,0.673,2000,216,0.673
5718,18,10,dr,learning_rate:3.0,cover:4:psi:0.1:nounif:dr,0.691,2000,6,0.691
3582,14,10,dr,learning_rate:0.03,cover:4:psi:0.01:nounif:dr,0.8795,2000,76,0.8795
8073,21,4,ips,learning_rate:0.1,cover:8:psi:1.0:nounif:ips,0.412616,1728,6,0.412616
9242,3,2,dr,learning_rate:3.0,cover:16:psi:0.1:dr,0.241865,3196,36,0.241865
7735,21,4,mtr,learning_rate:10.0,cover:4:psi:0.01:mtr,0.183449,1728,6,0.183449
5804,18,10,mtr,learning_rate:10.0,cover:8:psi:0:mtr,0.841,2000,6,0.841
10132,6,26,mtr,learning_rate:0.001,cover:16:psi:0:nounif:mtr,0.9458,20000,16,0.9458
9660,6,26,ips,learning_rate:0.3,bag:16:greedify:ips,0.9466,20000,16,0.9466
10687,8,2,mtr,learning_rate:0.01,cover:4:psi:0:nounif:mtr,0.017391,345,6,0.017391
3961,14,10,ips,learning_rate:0.03,cover:16:psi:0:nounif:ips,0.8815,2000,76,0.8815
10538,8,2,dr,learning_rate:3.0,bag:16:dr,0.046377,345,6,0.046377
8861,3,2,dr,learning_rate:1.0,cover:4:psi:1.0:dr,0.25219,3196,36,0.25219
338,10,4,mtr,learning_rate:0.1,cover:1:mtr,0.364865,148,18,0.364865
4981,16,10,ips,learning_rate:3.0,cover:16:psi:0:ips,0.884,2000,64,0.884
3539,14,10,mtr,learning_rate:1.0,cover:4:psi:0:nounif:mtr,0.8775,2000,76,0.8775
3213,14,10,dr,learning_rate:1.0,epsilon:0.1:dr,0.882,2000,76,0.882
3766,14,10,ips,learning_rate:0.003,cover:8:psi:0.01:ips,0.8845,2000,76,0.8845
8810,3,2,dr,learning_rate:3.0,cover:4:psi:0.1:dr,0.246558,3196,36,0.246558
5924,18,10,mtr,learning_rate:0.03,cover:8:psi:0.1:nounif:mtr,0.833,2000,6,0.833
10932,8,2,ips,learning_rate:0.03,cover:8:psi:0.01:ips,0.069565,345,6,0.069565
1761,11,3,dr,learning_rate:0.3,cover:8:psi:0.1:dr,0.1712,625,4,0.1712
1568,11,3,mtr,learning_rate:0.03,cover:4:psi:0.1:nounif:mtr,0.2,625,4,0.2
6587,20,10,dr,learning_rate:3.0,cover:1:dr,0.7765,2000,240,0.7765
5172,16,10,dr,learning_rate:10.0,cover:16:psi:1.0:nounif:dr,0.873,2000,64,0.873
4297,16,10,ips,learning_rate:0.1,bag:4:ips,0.8825,2000,64,0.8825
2640,12,10,dr,learning_rate:3.0,cover:4:psi:1.0:dr,0.7215,2000,216,0.7215
4256,16,10,mtr,learning_rate:10.0,epsilon:0.1:mtr,0.839,2000,64,0.839
2291,12,10,mtr,learning_rate:3.0,bag:16:mtr,0.633,2000,216,0.633
7900,21,4,mtr,learning_rate:0.001,cover:8:psi:0:nounif:mtr,0.233796,1728,6,0.233796
987,10,4,dr,learning_rate:0.3,cover:16:psi:1.0:dr,0.358108,148,18,0.358108
7645,21,4,mtr,learning_rate:0.3,cover:1:nounif:mtr,0.090856,1728,6,0.090856
1464,11,3,dr,learning_rate:0.3,cover:4:psi:0:nounif:dr,0.1072,625,4,0.1072
11101,8,2,mtr,learning_rate:0.3,cover:16:psi:0:mtr,0.098551,345,6,0.098551
4213,16,10,ips,learning_rate:0.03,epsilon:0.05:ips,0.891,2000,64,0.891
2239,12,10,ips,learning_rate:10.0,bag:4:ips,0.785,2000,216,0.785
7100,20,10,dr,learning_rate:3.0,cover:16:psi:0:nounif:dr,0.676,2000,240,0.676
3583,14,10,ips,learning_rate:0.03,cover:4:psi:0.01:nounif:ips,0.883,2000,76,0.883
9963,6,26,ips,learning_rate:3.0,cover:8:psi:0.01:ips,0.93825,20000,16,0.93825
5417,18,10,mtr,learning_rate:0.3,bag:2:greedify:mtr,0.7105,2000,6,0.7105
10931,8,2,dr,learning_rate:0.03,cover:8:psi:0.01:dr,0.072464,345,6,0.072464
5531,18,10,mtr,learning_rate:3.0,cover:1:mtr,0.638,2000,6,0.638
7537,21,4,mtr,learning_rate:0.3,bag:4:greedify:mtr,0.094329,1728,6,0.094329
7643,21,4,dr,learning_rate:0.3,cover:1:nounif:dr,0.097222,1728,6,0.097222
7392,21,4,ips,learning_rate:0.01,bag:2:ips,0.195023,1728,6,0.195023
10021,6,26,mtr,learning_rate:10.0,cover:8:psi:0.1:mtr,0.92245,20000,16,0.92245
10410,8,2,ips,learning_rate:0.001,epsilon:0.1:ips,0.078261,345,6,0.078261
9296,3,2,dr,learning_rate:3.0,cover:16:psi:1.0:dr,0.255006,3196,36,0.255006
1445,11,3,mtr,learning_rate:3.0,cover:4:psi:0:mtr,0.2336,625,4,0.2336
6721,20,10,mtr,learning_rate:1.0,cover:4:psi:0.01:nounif:mtr,0.784,2000,240,0.784
2100,12,10,dr,learning_rate:3.0,epsilon:0:dr,0.579,2000,216,0.579
2832,12,10,dr,learning_rate:10.0,cover:8:psi:0.1:nounif:dr,0.4775,2000,216,0.4775
10229,6,26,dr,learning_rate:1.0,cover:16:psi:0.1:dr,0.92815,20000,16,0.92815
3886,14,10,ips,learning_rate:0.3,cover:8:psi:1.0:ips,0.886,2000,76,0.886
8702,3,2,dr,learning_rate:3.0,cover:4:psi:0:dr,0.249687,3196,36,0.249687
716,10,4,mtr,learning_rate:0.1,cover:8:psi:0.1:mtr,0.324324,148,18,0.324324
6344,20,10,dr,learning_rate:3.0,epsilon:0.1:dr,0.7425,2000,240,0.7425
5768,18,10,mtr,learning_rate:0.3,cover:4:psi:1.0:nounif:mtr,0.8445,2000,6,0.8445
5440,18,10,ips,learning_rate:0.1,bag:4:greedify:ips,0.846,2000,6,0.846
5809,18,10,ips,learning_rate:0.003,cover:8:psi:0:nounif:ips,0.821,2000,6,0.821
4718,16,10,mtr,learning_rate:0.001,cover:4:psi:1.0:nounif:mtr,0.8825,2000,64,0.8825
3951,14,10,dr,learning_rate:0.001,cover:16:psi:0:nounif:dr,0.8915,2000,76,0.8915
7503,21,4,ips,learning_rate:0.03,bag:2:greedify:ips,0.170718,1728,6,0.170718
585,10,4,dr,learning_rate:1.0,cover:4:psi:1.0:nounif:dr,0.243243,148,18,0.243243
8648,3,2,dr,learning_rate:3.0,cover:1:dr,0.244368,3196,36,0.244368
10308,6,26,ips,learning_rate:0.3,cover:16:psi:1.0:nounif:ips,0.9485,20000,16,0.9485
6474,20,10,ips,learning_rate:0.3,bag:2:greedify:ips,0.811,2000,240,0.811
4614,16,10,dr,learning_rate:0.01,cover:4:psi:0.01:nounif:dr,0.8605,2000,64,0.8605
5799,18,10,dr,learning_rate:3.0,cover:8:psi:0:dr,0.8095,2000,6,0.8095
325,10,4,ips,learning_rate:0.001,cover:1:ips,0.337838,148,18,0.337838
8863,3,2,mtr,learning_rate:1.0,cover:4:psi:1.0:mtr,0.271589,3196,36,0.271589
6911,20,10,dr,learning_rate:3.0,cover:8:psi:0.01:dr,0.7805,2000,240,0.7805
5923,18,10,ips,learning_rate:0.03,cover:8:psi:0.1:nounif:ips,0.82,2000,6,0.82
9695,6,26,dr,learning_rate:10.0,cover:4:psi:0:dr,0.9287,20000,16,0.9287
4163,16,10,mtr,learning_rate:0.1,epsilon:0:mtr,0.828,2000,64,0.828
7592,21,4,dr,learning_rate:1.0,bag:16:greedify:dr,0.094329,1728,6,0.094329
2178,12,10,dr,learning_rate:1.0,epsilon:0.1:dr,0.6585,2000,216,0.6585
5071,16,10,ips,learning_rate:0.003,cover:16:psi:0.1:ips,0.8755,2000,64,0.8755
3267,14,10,dr,learning_rate:1.0,bag:4:dr,0.883,2000,76,0.883
4442,16,10,mtr,learning_rate:3.0,bag:8:greedify:mtr,0.845,2000,64,0.845
1148,11,3,mtr,learning_rate:3.0,epsilon:0.1:mtr,0.2048,625,4,0.2048
8707,3,2,mtr,learning_rate:10.0,cover:4:psi:0:mtr,0.25,3196,36,0.25
6697,20,10,mtr,learning_rate:3.0,cover:4:psi:0.01:mtr,0.7915,2000,240,0.7915
456,10,4,dr,learning_rate:10.0,cover:4:psi:0.01:dr,0.297297,148,18,0.297297
8837,3,2,dr,learning_rate:3.0,cover:4:psi:0.1:nounif:dr,0.192115,3196,36,0.192115
5858,18,10,mtr,learning_rate:10.0,cover:8:psi:0.01:mtr,0.83,2000,6,0.83
7680,21,4,ips,learning_rate:10.0,cover:4:psi:0:ips,0.207755,1728,6,0.207755
7292,21,4,dr,learning_rate:0.3,epsilon:0:dr,0.097222,1728,6,0.097222
2508,12,10,dr,learning_rate:10.0,cover:4:psi:0:nounif:dr,0.4355,2000,216,0.4355
1876,11,3,ips,learning_rate:3.0,cover:16:psi:0:ips,0.2368,625,4,0.2368
17,10,4,mtr,learning_rate:0.3,epsilon:0:mtr,0.148649,148,18,0.148649
4054,14,10,ips,learning_rate:3.0,cover:16:psi:0.1:ips,0.8905,2000,76,0.8905
4519,16,10,ips,learning_rate:1.0,cover:1:nounif:ips,0.8805,2000,64,0.8805
8461,3,2,mtr,learning_rate:3.0,bag:4:mtr,0.236546,3196,36,0.236546
2923,12,10,ips,learning_rate:0.01,cover:16:psi:0:nounif:ips,0.6595,2000,216,0.6595
11068,8,2,mtr,learning_rate:0.03,cover:8:psi:1.0:nounif:mtr,0.127536,345,6,0.127536
1653,11,3,dr,learning_rate:0.3,cover:8:psi:0:dr,0.1696,625,4,0.1696
9535,6,26,mtr,learning_rate:10.0,bag:8:mtr,0.76945,20000,16,0.76945
8105,21,4,dr,learning_rate:1.0,cover:16:psi:0:dr,0.219907,1728,6,0.219907
7449,21,4,ips,learning_rate:0.03,bag:8:ips,0.191551,1728,6,0.191551
4563,16,10,dr,learning_rate:0.03,cover:4:psi:0:nounif:dr,0.8265,2000,64,0.8265
2583,12,10,dr,learning_rate:1.0,cover:4:psi:0.1:dr,0.694,2000,216,0.694
7070,20,10,dr,learning_rate:1.0,cover:16:psi:0:dr,0.7875,2000,240,0.7875
3438,14,10,dr,learning_rate:0.001,cover:1:dr,0.879,2000,76,0.879
420,10,4,dr,learning_rate:0.3,cover:4:psi:0:nounif:dr,0.148649,148,18,0.148649
10195,6,26,mtr,learning_rate:0.03,cover:16:psi:0.01:nounif:mtr,0.94805,20000,16,0.94805
2392,12,10,ips,learning_rate:0.3,bag:16:greedify:ips,0.7805,2000,216,0.7805
6128,18,10,mtr,learning_rate:10.0,cover:16:psi:0.1:mtr,0.8475,2000,6,0.8475
682,10,4,ips,learning_rate:0.01,cover:8:psi:0.01:nounif:ips,0.222973,148,18,0.222973
1707,11,3,dr,learning_rate:0.3,cover:8:psi:0.01:dr,0.168,625,4,0.168
7020,20,10,ips,learning_rate:3.0,cover:8:psi:1.0:ips,0.806,2000,240,0.806
10862,8,2,dr,learning_rate:3.0,cover:4:psi:1.0:nounif:dr,0.057971,345,6,0.057971
9967,6,26,mtr,learning_rate:10.0,cover:8:psi:0.01:mtr,0.92015,20000,16,0.92015
7807,21,4,mtr,learning_rate:0.3,cover:4:psi:0.1:nounif:mtr,0.284722,1728,6,0.284722
4973,16,10,mtr,learning_rate:0.1,cover:16:psi:0:mtr,0.8845,2000,64,0.8845
2875,12,10,ips,learning_rate:0.1,cover:8:psi:1.0:nounif:ips,0.8005,2000,216,0.8005
1402,11,3,ips,learning_rate:0.01,cover:1:nounif:ips,0.1216,625,4,0.1216
1304,11,3,mtr,learning_rate:0.3,bag:4:greedify:mtr,0.1136,625,4,0.1136
8232,21,4,ips,learning_rate:0.03,cover:16:psi:0.1:nounif:ips,0.212384,1728,6,0.212384
4276,16,10,ips,learning_rate:1.0,bag:2:ips,0.88,2000,64,0.88
10715,8,2,dr,learning_rate:0.03,cover:4:psi:0.01:dr,0.069565,345,6,0.069565
1814,11,3,mtr,learning_rate:0.1,cover:8:psi:1.0:mtr,0.2784,625,4,0.2784
3937,14,10,ips,learning_rate:0.1,cover:16:psi:0:ips,0.8755,2000,76,0.8755
6139,18,10,ips,learning_rate:0.03,cover:16:psi:0.1:nounif:ips,0.823,2000,6,0.823
4573,16,10,ips,learning_rate:1.0,cover:4:psi:0:nounif:ips,0.8825,2000,64,0.8825
1888,11,3,ips,learning_rate:0.01,cover:16:psi:0:nounif:ips,0.1136,625,4,0.1136
6279,20,10,ips,learning_rate:0.03,epsilon:0.02:ips,0.84,2000,240,0.84
774,10,4,dr,learning_rate:1.0,cover:8:psi:1.0:dr,0.310811,148,18,0.310811
154,10,4,ips,learning_rate:1.0,bag:4:ips,0.371622,148,18,0.371622
5315,18,10,mtr,learning_rate:3.0,bag:2:mtr,0.734,2000,6,0.734
2527,12,10,ips,learning_rate:0.3,cover:4:psi:0.01:ips,0.8375,2000,216,0.8375
1572,11,3,dr,learning_rate:0.3,cover:4:psi:0.1:nounif:dr,0.1216,625,4,0.1216
4350,16,10,dr,learning_rate:0.1,bag:16:dr,0.879,2000,64,0.879
4128,14,10,dr,learning_rate:0.3,cover:16:psi:1.0:nounif:dr,0.8865,2000,76,0.8865
9045,3,2,ips,learning_rate:0.1,cover:8:psi:0.1:nounif:ips,0.199937,3196,36,0.199937
5637,18,10,dr,learning_rate:3.0,cover:4:psi:0.01:dr,0.7975,2000,6,0.7975
9528,6,26,ips,learning_rate:1.0,bag:8:ips,0.95245,20000,16,0.95245
8977,3,2,mtr,learning_rate:10.0,cover:8:psi:0.01:mtr,0.238423,3196,36,0.238423
9697,6,26,mtr,learning_rate:10.0,cover:4:psi:0:mtr,0.8895,20000,16,0.8895
9318,3,2,ips,learning_rate:0.3,cover:16:psi:1.0:nounif:ips,0.285357,3196,36,0.285357
10953,8,2,ips,learning_rate:0.003,cover:8:psi:0.01:nounif:ips,0.02029,345,6,0.02029
8779,3,2,mtr,learning_rate:0.3,cover:4:psi:0.01:nounif:mtr,0.199625,3196,36,0.199625
7627,21,4,mtr,learning_rate:10.0,cover:1:mtr,0.137153,1728,6,0.137153
4732,16,10,ips,learning_rate:0.3,cover:4:psi:1.0:nounif:ips,0.878,2000,64,0.878
10019,6,26,dr,learning_rate:10.0,cover:8:psi:0.1:dr,0.93105,20000,16,0.93105
3638,14,10,mtr,learning_rate:0.03,cover:4:psi:0.1:nounif:mtr,0.8805,2000,76,0.8805
7422,21,4,ips,learning_rate:0.03,bag:4:ips,0.220486,1728,6,0.220486
7260,20,10,ips,learning_rate:1.0,cover:16:psi:1.0:nounif:ips,0.8325,2000,240,0.8325
8457,3,2,ips,learning_rate:1.0,bag:4:ips,0.294743,3196,36,0.294743
6921,20,10,ips,learning_rate:0.003,cover:8:psi:0.01:nounif:ips,0.79,2000,240,0.79
3518,14,10,mtr,learning_rate:10.0,cover:4:psi:0:mtr,0.879,2000,76,0.879
5236,18,10,ips,learning_rate:10.0,epsilon:0.02:ips,0.8405,2000,6,0.8405
2990,12,10,mtr,learning_rate:1.0,cover:16:psi:0.01:nounif:mtr,0.747,2000,216,0.747
7684,21,4,mtr,learning_rate:0.001,cover:4:psi:0:nounif:mtr,0.207755,1728,6,0.207755
10074,6,26,ips,learning_rate:10.0,cover:8:psi:1.0:ips,0.93815,20000,16,0.93815
2001,11,3,dr,learning_rate:0.1,cover:16:psi:0.1:nounif:dr,0.1264,625,4,0.1264
3143,14,10,mtr,learning_rate:0.001,epsilon:0.02:mtr,0.889,2000,76,0.889
3290,14,10,mtr,learning_rate:0.1,bag:8:mtr,0.877,2000,76,0.877
10388,8,2,dr,learning_rate:0.01,epsilon:0.05:dr,0.049275,345,6,0.049275
4858,16,10,ips,learning_rate:0.01,cover:8:psi:0.1:ips,0.8785,2000,64,0.8785
8887,3,2,mtr,learning_rate:0.3,cover:4:psi:1.0:nounif:mtr,0.299124,3196,36,0.299124
1327,11,3,ips,learning_rate:0.1,bag:8:greedify:ips,0.2496,625,4,0.2496
1496,11,3,mtr,learning_rate:1.0,cover:4:psi:0.01:mtr,0.2352,625,4,0.2352
8761,3,2,mtr,learning_rate:10.0,cover:4:psi:0.01:mtr,0.237797,3196,36,0.237797
3430,14,10,ips,learning_rate:1.0,bag:16:greedify:ips,0.885,2000,76,0.885
7042,20,10,mtr,learning_rate:0.3,cover:8:psi:1.0:nounif:mtr,0.836,2000,240,0.836
6558,20,10,ips,learning_rate:1.0,bag:16:greedify:ips,0.8145,2000,240,0.8145
10208,6,26,dr,learning_rate:10.0,cover:16:psi:0.01:nounif:dr,0.74495,20000,16,0.74495
4714,16,10,ips,learning_rate:10.0,cover:4:psi:1.0:ips,0.881,2000,64,0.881
4509,16,10,dr,learning_rate:0.03,cover:1:nounif:dr,0.8245,2000,64,0.8245
8175,21,4,ips,learning_rate:0.01,cover:16:psi:0.01:nounif:ips,0.167824,1728,6,0.167824
7278,21,4,ips,learning_rate:0.001,epsilon:0:ips,0.164352,1728,6,0.164352
3854,14,10,mtr,learning_rate:0.03,cover:8:psi:0.1:nounif:mtr,0.886,2000,76,0.886
458,10,4,mtr,learning_rate:10.0,cover:4:psi:0.01:mtr,0.385135,148,18,0.385135
2159,12,10,mtr,learning_rate:10.0,epsilon:0.05:mtr,0.501,2000,216,0.501
9861,6,26,ips,learning_rate:0.001,cover:4:psi:1.0:nounif:ips,0.95045,20000,16,0.95045
433,10,4,ips,learning_rate:0.001,cover:4:psi:0.01:ips,0.47973,148,18,0.47973
11043,8,2,ips,learning_rate:0.1,cover:8:psi:1.0:ips,0.147826,345,6,0.147826
10989,8,2,ips,learning_rate:0.1,cover:8:psi:0.1:ips,0.098551,345,6,0.098551
7858,21,4,mtr,learning_rate:0.1,cover:4:psi:1.0:nounif:mtr,0.485532,1728,6,0.485532
9079,3,2,mtr,learning_rate:1.0,cover:8:psi:1.0:mtr,0.27816,3196,36,0.27816
